category,pageid,work_title,page_title,work_folder,juan_index,raw_path,clean_path,char_count_raw,char_count_clean,is_empty_page
戰國,166838,七諫,七諫,七諫,1,scrape_output\raw\戰國\七諫\七諫__juan_01.txt,scrape_output\clean\戰國\七諫\七諫__juan_01.txt,11,10,0
戰國,1202807,上海博物館藏戰國楚竹書,上海博物館藏戰國楚竹書,上海博物館藏戰國楚竹書,1,scrape_output\raw\戰國\上海博物館藏戰國楚竹書\上海博物館藏戰國楚竹書__juan_01.txt,scrape_output\clean\戰國\上海博物館藏戰國楚竹書\上海博物館藏戰國楚竹書__juan_01.txt,413,407,0
戰國,164912,中山王器銘文,中山王器銘文,中山王器銘文,1,scrape_output\raw\戰國\中山王器銘文\中山王器銘文__juan_01.txt,scrape_output\clean\戰國\中山王器銘文\中山王器銘文__juan_01.txt,1483,1385,0
戰國,234,九歌,九歌,九歌,1,scrape_output\raw\戰國\九歌\九歌__juan_01.txt,scrape_output\clean\戰國\九歌\九歌__juan_01.txt,2195,2103,0
戰國,25960,九辯,九辯,九辯,1,scrape_output\raw\戰國\九辯\九辯__juan_01.txt,scrape_output\clean\戰國\九辯\九辯__juan_01.txt,2124,2032,0
戰國,54755,公孫龍子,公孫龍子/1,公孫龍子,1,scrape_output\raw\戰國\公孫龍子\公孫龍子__juan_01.txt,scrape_output\clean\戰國\公孫龍子\公孫龍子__juan_01.txt,1927,1829,0
戰國,54755,公孫龍子,公孫龍子/2,公孫龍子,2,scrape_output\raw\戰國\公孫龍子\公孫龍子__juan_02.txt,scrape_output\clean\戰國\公孫龍子\公孫龍子__juan_02.txt,2197,2099,0
戰國,54755,公孫龍子,公孫龍子/3,公孫龍子,3,scrape_output\raw\戰國\公孫龍子\公孫龍子__juan_03.txt,scrape_output\clean\戰國\公孫龍子\公孫龍子__juan_03.txt,1242,1148,0
戰國,54755,公孫龍子,公孫龍子/4,公孫龍子,4,scrape_output\raw\戰國\公孫龍子\公孫龍子__juan_04.txt,scrape_output\clean\戰國\公孫龍子\公孫龍子__juan_04.txt,2710,2613,0
戰國,54755,公孫龍子,公孫龍子/5,公孫龍子,5,scrape_output\raw\戰國\公孫龍子\公孫龍子__juan_05.txt,scrape_output\clean\戰國\公孫龍子\公孫龍子__juan_05.txt,2741,2646,0
戰國,54755,公孫龍子,公孫龍子/6,公孫龍子,6,scrape_output\raw\戰國\公孫龍子\公孫龍子__juan_06.txt,scrape_output\clean\戰國\公孫龍子\公孫龍子__juan_06.txt,1289,1193,0
戰國,12108,列子,列子/湯問篇,列子,1,scrape_output\raw\戰國\列子\列子__juan_01.txt,scrape_output\clean\戰國\列子\列子__juan_01.txt,5933,5933,0
戰國,240,卜居 (屈原),卜居 (屈原),卜居 (屈原),1,scrape_output\raw\戰國\卜居 (屈原)\卜居 (屈原)__juan_01.txt,scrape_output\clean\戰國\卜居 (屈原)\卜居 (屈原)__juan_01.txt,483,391,0
戰國,1048857,古本竹书纪年今存原文,古本竹书纪年今存原文/合輯,古本竹书纪年今存原文,1,scrape_output\raw\戰國\古本竹书纪年今存原文\古本竹书纪年今存原文__juan_01.txt,scrape_output\clean\戰國\古本竹书纪年今存原文\古本竹书纪年今存原文__juan_01.txt,0,0,1
戰國,7686,吳子,吳子,吳子,1,scrape_output\raw\戰國\吳子\吳子__juan_01.txt,scrape_output\clean\戰國\吳子\吳子__juan_01.txt,6149,6057,0
戰國,35754,呂氏春秋,呂氏春秋/卷一,呂氏春秋,1,scrape_output\raw\戰國\呂氏春秋\呂氏春秋__juan_01.txt,scrape_output\clean\戰國\呂氏春秋\呂氏春秋__juan_01.txt,15,14,0
戰國,35754,呂氏春秋,呂氏春秋/卷二,呂氏春秋,2,scrape_output\raw\戰國\呂氏春秋\呂氏春秋__juan_02.txt,scrape_output\clean\戰國\呂氏春秋\呂氏春秋__juan_02.txt,15,14,0
戰國,35754,呂氏春秋,呂氏春秋/卷三,呂氏春秋,3,scrape_output\raw\戰國\呂氏春秋\呂氏春秋__juan_03.txt,scrape_output\clean\戰國\呂氏春秋\呂氏春秋__juan_03.txt,3549,3549,0
戰國,35754,呂氏春秋,呂氏春秋/卷四,呂氏春秋,4,scrape_output\raw\戰國\呂氏春秋\呂氏春秋__juan_04.txt,scrape_output\clean\戰國\呂氏春秋\呂氏春秋__juan_04.txt,3485,3485,0
戰國,35754,呂氏春秋,呂氏春秋/卷五,呂氏春秋,5,scrape_output\raw\戰國\呂氏春秋\呂氏春秋__juan_05.txt,scrape_output\clean\戰國\呂氏春秋\呂氏春秋__juan_05.txt,3645,3645,0
戰國,35754,呂氏春秋,呂氏春秋/卷六,呂氏春秋,6,scrape_output\raw\戰國\呂氏春秋\呂氏春秋__juan_06.txt,scrape_output\clean\戰國\呂氏春秋\呂氏春秋__juan_06.txt,3642,3641,0
戰國,35754,呂氏春秋,呂氏春秋/卷七,呂氏春秋,7,scrape_output\raw\戰國\呂氏春秋\呂氏春秋__juan_07.txt,scrape_output\clean\戰國\呂氏春秋\呂氏春秋__juan_07.txt,3262,3262,0
戰國,35754,呂氏春秋,呂氏春秋/卷八,呂氏春秋,8,scrape_output\raw\戰國\呂氏春秋\呂氏春秋__juan_08.txt,scrape_output\clean\戰國\呂氏春秋\呂氏春秋__juan_08.txt,3323,3321,0
戰國,35754,呂氏春秋,呂氏春秋/卷九,呂氏春秋,9,scrape_output\raw\戰國\呂氏春秋\呂氏春秋__juan_09.txt,scrape_output\clean\戰國\呂氏春秋\呂氏春秋__juan_09.txt,3349,3277,0
戰國,35754,呂氏春秋,呂氏春秋/卷十,呂氏春秋,10,scrape_output\raw\戰國\呂氏春秋\呂氏春秋__juan_10.txt,scrape_output\clean\戰國\呂氏春秋\呂氏春秋__juan_10.txt,3558,3502,0
戰國,35754,呂氏春秋,呂氏春秋/卷十一,呂氏春秋,11,scrape_output\raw\戰國\呂氏春秋\呂氏春秋__juan_11.txt,scrape_output\clean\戰國\呂氏春秋\呂氏春秋__juan_11.txt,3627,3520,0
戰國,35754,呂氏春秋,呂氏春秋/卷十二,呂氏春秋,12,scrape_output\raw\戰國\呂氏春秋\呂氏春秋__juan_12.txt,scrape_output\clean\戰國\呂氏春秋\呂氏春秋__juan_12.txt,3501,3421,0
戰國,35754,呂氏春秋,呂氏春秋/卷十三,呂氏春秋,13,scrape_output\raw\戰國\呂氏春秋\呂氏春秋__juan_13.txt,scrape_output\clean\戰國\呂氏春秋\呂氏春秋__juan_13.txt,4680,4630,0
戰國,35754,呂氏春秋,呂氏春秋/卷十四,呂氏春秋,14,scrape_output\raw\戰國\呂氏春秋\呂氏春秋__juan_14.txt,scrape_output\clean\戰國\呂氏春秋\呂氏春秋__juan_14.txt,7835,7711,0
戰國,35754,呂氏春秋,呂氏春秋/卷十五,呂氏春秋,15,scrape_output\raw\戰國\呂氏春秋\呂氏春秋__juan_15.txt,scrape_output\clean\戰國\呂氏春秋\呂氏春秋__juan_15.txt,7899,7689,0
戰國,35754,呂氏春秋,呂氏春秋/卷十六,呂氏春秋,16,scrape_output\raw\戰國\呂氏春秋\呂氏春秋__juan_16.txt,scrape_output\clean\戰國\呂氏春秋\呂氏春秋__juan_16.txt,7609,7475,0
戰國,35754,呂氏春秋,呂氏春秋/卷十七,呂氏春秋,17,scrape_output\raw\戰國\呂氏春秋\呂氏春秋__juan_17.txt,scrape_output\clean\戰國\呂氏春秋\呂氏春秋__juan_17.txt,7135,7119,0
戰國,35754,呂氏春秋,呂氏春秋/卷十八,呂氏春秋,18,scrape_output\raw\戰國\呂氏春秋\呂氏春秋__juan_18.txt,scrape_output\clean\戰國\呂氏春秋\呂氏春秋__juan_18.txt,7948,7932,0
戰國,35754,呂氏春秋,呂氏春秋/卷十九,呂氏春秋,19,scrape_output\raw\戰國\呂氏春秋\呂氏春秋__juan_19.txt,scrape_output\clean\戰國\呂氏春秋\呂氏春秋__juan_19.txt,7939,7923,0
戰國,35754,呂氏春秋,呂氏春秋/卷二十,呂氏春秋,20,scrape_output\raw\戰國\呂氏春秋\呂氏春秋__juan_20.txt,scrape_output\clean\戰國\呂氏春秋\呂氏春秋__juan_20.txt,7674,7674,0
戰國,35754,呂氏春秋,呂氏春秋/卷二十一,呂氏春秋,21,scrape_output\raw\戰國\呂氏春秋\呂氏春秋__juan_21.txt,scrape_output\clean\戰國\呂氏春秋\呂氏春秋__juan_21.txt,3890,3890,0
戰國,35754,呂氏春秋,呂氏春秋/卷二十二,呂氏春秋,22,scrape_output\raw\戰國\呂氏春秋\呂氏春秋__juan_22.txt,scrape_output\clean\戰國\呂氏春秋\呂氏春秋__juan_22.txt,4177,4177,0
戰國,35754,呂氏春秋,呂氏春秋/卷二十三,呂氏春秋,23,scrape_output\raw\戰國\呂氏春秋\呂氏春秋__juan_23.txt,scrape_output\clean\戰國\呂氏春秋\呂氏春秋__juan_23.txt,4101,4101,0
戰國,35754,呂氏春秋,呂氏春秋/卷二十四,呂氏春秋,24,scrape_output\raw\戰國\呂氏春秋\呂氏春秋__juan_24.txt,scrape_output\clean\戰國\呂氏春秋\呂氏春秋__juan_24.txt,4080,4080,0
戰國,35754,呂氏春秋,呂氏春秋/卷二十五,呂氏春秋,25,scrape_output\raw\戰國\呂氏春秋\呂氏春秋__juan_25.txt,scrape_output\clean\戰國\呂氏春秋\呂氏春秋__juan_25.txt,4236,4236,0
戰國,35754,呂氏春秋,呂氏春秋/卷二十六,呂氏春秋,26,scrape_output\raw\戰國\呂氏春秋\呂氏春秋__juan_26.txt,scrape_output\clean\戰國\呂氏春秋\呂氏春秋__juan_26.txt,4213,4213,0
戰國,166839,哀時命,哀時命,哀時命,1,scrape_output\raw\戰國\哀時命\哀時命__juan_01.txt,scrape_output\clean\戰國\哀時命\哀時命__juan_01.txt,12,11,0
戰國,24830,商君書,商君書/卷一,商君書,1,scrape_output\raw\戰國\商君書\商君書__juan_01.txt,scrape_output\clean\戰國\商君書\商君書__juan_01.txt,5486,5484,0
戰國,24830,商君書,商君書/卷二,商君書,2,scrape_output\raw\戰國\商君書\商君書__juan_02.txt,scrape_output\clean\戰國\商君書\商君書__juan_02.txt,4418,4418,0
戰國,24830,商君書,商君書/卷三,商君書,3,scrape_output\raw\戰國\商君書\商君書__juan_03.txt,scrape_output\clean\戰國\商君書\商君書__juan_03.txt,4458,4456,0
戰國,24830,商君書,商君書/卷四,商君書,4,scrape_output\raw\戰國\商君書\商君書__juan_04.txt,scrape_output\clean\戰國\商君書\商君書__juan_04.txt,4489,4487,0
戰國,24830,商君書,商君書/卷五,商君書,5,scrape_output\raw\戰國\商君書\商君書__juan_05.txt,scrape_output\clean\戰國\商君書\商君書__juan_05.txt,6031,6017,0
戰國,183009,器經,器經,器經,1,scrape_output\raw\戰國\器經\器經__juan_01.txt,scrape_output\clean\戰國\器經\器經__juan_01.txt,763,751,0
戰國,12855,大招,大招,大招,1,scrape_output\raw\戰國\大招\大招__juan_01.txt,scrape_output\clean\戰國\大招\大招__juan_01.txt,11,10,0
戰國,235,天問,天問,天問,1,scrape_output\raw\戰國\天問\天問__juan_01.txt,scrape_output\clean\戰國\天問\天問__juan_01.txt,2043,1951,0
戰國,584788,太一生水,太一生水,太一生水,1,scrape_output\raw\戰國\太一生水\太一生水__juan_01.txt,scrape_output\clean\戰國\太一生水\太一生水__juan_01.txt,1000,941,0
戰國,7720,孫臏兵法,孫臏兵法,孫臏兵法,1,scrape_output\raw\戰國\孫臏兵法\孫臏兵法__juan_01.txt,scrape_output\clean\戰國\孫臏兵法\孫臏兵法__juan_01.txt,15041,14686,0
戰國,27353,尹文子,尹文子,尹文子,1,scrape_output\raw\戰國\尹文子\尹文子__juan_01.txt,scrape_output\clean\戰國\尹文子\尹文子__juan_01.txt,145,49,0
戰國,109955,惜誓,惜誓,惜誓,1,scrape_output\raw\戰國\惜誓\惜誓__juan_01.txt,scrape_output\clean\戰國\惜誓\惜誓__juan_01.txt,11,10,0
戰國,55086,慎子,慎子,慎子,1,scrape_output\raw\戰國\慎子\慎子__juan_01.txt,scrape_output\clean\戰國\慎子\慎子__juan_01.txt,9232,8815,0
戰國,135681,星經,星經,星經,1,scrape_output\raw\戰國\星經\星經__juan_01.txt,scrape_output\clean\戰國\星經\星經__juan_01.txt,13050,12767,0
戰國,236,楚辭,楚辭/九章,楚辭,1,scrape_output\raw\戰國\楚辭\楚辭__juan_01.txt,scrape_output\clean\戰國\楚辭\楚辭__juan_01.txt,4954,4862,0
戰國,236,楚辭,楚辭/大招,楚辭,2,scrape_output\raw\戰國\楚辭\楚辭__juan_02.txt,scrape_output\clean\戰國\楚辭\楚辭__juan_02.txt,1208,1116,0
戰國,236,楚辭,楚辭/招䰟,楚辭,3,scrape_output\raw\戰國\楚辭\楚辭__juan_03.txt,scrape_output\clean\戰國\楚辭\楚辭__juan_03.txt,1564,1520,0
戰國,236,楚辭,楚辭/遠遊,楚辭,4,scrape_output\raw\戰國\楚辭\楚辭__juan_04.txt,scrape_output\clean\戰國\楚辭\楚辭__juan_04.txt,1426,1334,0
戰國,864590,橘頌,橘頌,橘頌,1,scrape_output\raw\戰國\橘頌\橘頌__juan_01.txt,scrape_output\clean\戰國\橘頌\橘頌__juan_01.txt,298,206,0
戰國,347784,汲冢瑣語,汲冢瑣語,汲冢瑣語,1,scrape_output\raw\戰國\汲冢瑣語\汲冢瑣語__juan_01.txt,scrape_output\clean\戰國\汲冢瑣語\汲冢瑣語__juan_01.txt,2651,2622,0
戰國,1202802,清華大學藏戰國竹簡,清華大學藏戰國竹簡,清華大學藏戰國竹簡,1,scrape_output\raw\戰國\清華大學藏戰國竹簡\清華大學藏戰國竹簡__juan_01.txt,scrape_output\clean\戰國\清華大學藏戰國竹簡\清華大學藏戰國竹簡__juan_01.txt,432,429,0
戰國,769322,渡易水歌,渡易水歌,渡易水歌,1,scrape_output\raw\戰國\渡易水歌\渡易水歌__juan_01.txt,scrape_output\clean\戰國\渡易水歌\渡易水歌__juan_01.txt,96,52,0
戰國,12853,漁父,漁父,漁父,1,scrape_output\raw\戰國\漁父\漁父__juan_01.txt,scrape_output\clean\戰國\漁父\漁父__juan_01.txt,352,260,0
戰國,175424,申子,申子,申子,1,scrape_output\raw\戰國\申子\申子__juan_01.txt,scrape_output\clean\戰國\申子\申子__juan_01.txt,1118,1118,0
戰國,184462,竹書統箋,竹書統箋/卷一,竹書統箋,1,scrape_output\raw\戰國\竹書統箋\竹書統箋__juan_01.txt,scrape_output\clean\戰國\竹書統箋\竹書統箋__juan_01.txt,24116,22906,0
戰國,184462,竹書統箋,竹書統箋/卷二,竹書統箋,2,scrape_output\raw\戰國\竹書統箋\竹書統箋__juan_02.txt,scrape_output\clean\戰國\竹書統箋\竹書統箋__juan_02.txt,12712,12550,0
戰國,184462,竹書統箋,竹書統箋/卷三,竹書統箋,3,scrape_output\raw\戰國\竹書統箋\竹書統箋__juan_03.txt,scrape_output\clean\戰國\竹書統箋\竹書統箋__juan_03.txt,10882,10687,0
戰國,184462,竹書統箋,竹書統箋/卷四,竹書統箋,4,scrape_output\raw\戰國\竹書統箋\竹書統箋__juan_04.txt,scrape_output\clean\戰國\竹書統箋\竹書統箋__juan_04.txt,7601,7443,0
戰國,184462,竹書統箋,竹書統箋/卷五,竹書統箋,5,scrape_output\raw\戰國\竹書統箋\竹書統箋__juan_05.txt,scrape_output\clean\戰國\竹書統箋\竹書統箋__juan_05.txt,10542,10394,0
戰國,184462,竹書統箋,竹書統箋/卷六,竹書統箋,6,scrape_output\raw\戰國\竹書統箋\竹書統箋__juan_06.txt,scrape_output\clean\戰國\竹書統箋\竹書統箋__juan_06.txt,14977,14807,0
戰國,184462,竹書統箋,竹書統箋/卷七,竹書統箋,7,scrape_output\raw\戰國\竹書統箋\竹書統箋__juan_07.txt,scrape_output\clean\戰國\竹書統箋\竹書統箋__juan_07.txt,15197,15016,0
戰國,184462,竹書統箋,竹書統箋/卷八,竹書統箋,8,scrape_output\raw\戰國\竹書統箋\竹書統箋__juan_08.txt,scrape_output\clean\戰國\竹書統箋\竹書統箋__juan_08.txt,14609,14429,0
戰國,184462,竹書統箋,竹書統箋/卷九,竹書統箋,9,scrape_output\raw\戰國\竹書統箋\竹書統箋__juan_09.txt,scrape_output\clean\戰國\竹書統箋\竹書統箋__juan_09.txt,10171,10026,0
戰國,184462,竹書統箋,竹書統箋/卷十,竹書統箋,10,scrape_output\raw\戰國\竹書統箋\竹書統箋__juan_10.txt,scrape_output\clean\戰國\竹書統箋\竹書統箋__juan_10.txt,12183,11931,0
戰國,184462,竹書統箋,竹書統箋/卷十一,竹書統箋,11,scrape_output\raw\戰國\竹書統箋\竹書統箋__juan_11.txt,scrape_output\clean\戰國\竹書統箋\竹書統箋__juan_11.txt,12835,12648,0
戰國,184462,竹書統箋,竹書統箋/卷十二,竹書統箋,12,scrape_output\raw\戰國\竹書統箋\竹書統箋__juan_12.txt,scrape_output\clean\戰國\竹書統箋\竹書統箋__juan_12.txt,14171,14057,0
戰國,189465,答燕惠王書,答燕惠王書,答燕惠王書,1,scrape_output\raw\戰國\答燕惠王書\答燕惠王書__juan_01.txt,scrape_output\clean\戰國\答燕惠王書\答燕惠王書__juan_01.txt,857,857,0
戰國,347827,繫年,繫年,繫年,1,scrape_output\raw\戰國\繫年\繫年__juan_01.txt,scrape_output\clean\戰國\繫年\繫年__juan_01.txt,5133,4943,0
戰國,12062,荀子,荀子/儒效篇,荀子,1,scrape_output\raw\戰國\荀子\荀子__juan_01.txt,scrape_output\clean\戰國\荀子\荀子__juan_01.txt,11680,11366,0
戰國,12062,荀子,荀子/君子篇,荀子,2,scrape_output\raw\戰國\荀子\荀子__juan_02.txt,scrape_output\clean\戰國\荀子\荀子__juan_02.txt,2054,1922,0
戰國,12062,荀子,荀子/宥坐篇,荀子,3,scrape_output\raw\戰國\荀子\荀子__juan_03.txt,scrape_output\clean\戰國\荀子\荀子__juan_03.txt,4164,4022,0
戰國,12062,荀子,荀子/性惡篇,荀子,4,scrape_output\raw\戰國\荀子\荀子__juan_04.txt,scrape_output\clean\戰國\荀子\荀子__juan_04.txt,7538,7346,0
戰國,12062,荀子,荀子/成相篇,荀子,5,scrape_output\raw\戰國\荀子\荀子__juan_05.txt,scrape_output\clean\戰國\荀子\荀子__juan_05.txt,5511,5288,0
戰國,12062,荀子,荀子/樂論篇,荀子,6,scrape_output\raw\戰國\荀子\荀子__juan_06.txt,scrape_output\clean\戰國\荀子\荀子__juan_06.txt,2051,1959,0
戰國,12062,荀子,荀子/法行篇,荀子,7,scrape_output\raw\戰國\荀子\荀子__juan_07.txt,scrape_output\clean\戰國\荀子\荀子__juan_07.txt,1543,1412,0
戰國,12062,荀子,荀子/臣道篇,荀子,8,scrape_output\raw\戰國\荀子\荀子__juan_08.txt,scrape_output\clean\戰國\荀子\荀子__juan_08.txt,4994,4821,0
戰國,12062,荀子,荀子/致士篇,荀子,9,scrape_output\raw\戰國\荀子\荀子__juan_09.txt,scrape_output\clean\戰國\荀子\荀子__juan_09.txt,2268,2133,0
戰國,12062,荀子,荀子/賦篇,荀子,10,scrape_output\raw\戰國\荀子\荀子__juan_10.txt,scrape_output\clean\戰國\荀子\荀子__juan_10.txt,4759,4569,0
戰國,21148,離騷,離騷,離騷,1,scrape_output\raw\戰國\離騷\離騷__juan_01.txt,scrape_output\clean\戰國\離騷\離騷__juan_01.txt,3527,3347,0
戰國,19985,韓非子,韓非子/01,韓非子,1,scrape_output\raw\戰國\韓非子\韓非子__juan_01.txt,scrape_output\clean\戰國\韓非子\韓非子__juan_01.txt,6023,6023,0
戰國,19985,韓非子,韓非子/02,韓非子,2,scrape_output\raw\戰國\韓非子\韓非子__juan_02.txt,scrape_output\clean\戰國\韓非子\韓非子__juan_02.txt,5759,5759,0
戰國,19985,韓非子,韓非子/03,韓非子,3,scrape_output\raw\戰國\韓非子\韓非子__juan_03.txt,scrape_output\clean\戰國\韓非子\韓非子__juan_03.txt,5921,5921,0
戰國,19985,韓非子,韓非子/04,韓非子,4,scrape_output\raw\戰國\韓非子\韓非子__juan_04.txt,scrape_output\clean\戰國\韓非子\韓非子__juan_04.txt,7493,7493,0
戰國,19985,韓非子,韓非子/05,韓非子,5,scrape_output\raw\戰國\韓非子\韓非子__juan_05.txt,scrape_output\clean\戰國\韓非子\韓非子__juan_05.txt,6470,6470,0
戰國,19985,韓非子,韓非子/06,韓非子,6,scrape_output\raw\戰國\韓非子\韓非子__juan_06.txt,scrape_output\clean\戰國\韓非子\韓非子__juan_06.txt,7191,7191,0
戰國,19985,韓非子,韓非子/07,韓非子,7,scrape_output\raw\戰國\韓非子\韓非子__juan_07.txt,scrape_output\clean\戰國\韓非子\韓非子__juan_07.txt,6884,6884,0
戰國,19985,韓非子,韓非子/08,韓非子,8,scrape_output\raw\戰國\韓非子\韓非子__juan_08.txt,scrape_output\clean\戰國\韓非子\韓非子__juan_08.txt,7850,7850,0
戰國,19985,韓非子,韓非子/09,韓非子,9,scrape_output\raw\戰國\韓非子\韓非子__juan_09.txt,scrape_output\clean\戰國\韓非子\韓非子__juan_09.txt,6523,6523,0
戰國,19985,韓非子,韓非子/10,韓非子,10,scrape_output\raw\戰國\韓非子\韓非子__juan_10.txt,scrape_output\clean\戰國\韓非子\韓非子__juan_10.txt,5471,5471,0
戰國,19985,韓非子,韓非子/11,韓非子,11,scrape_output\raw\戰國\韓非子\韓非子__juan_11.txt,scrape_output\clean\戰國\韓非子\韓非子__juan_11.txt,7540,7540,0
戰國,19985,韓非子,韓非子/12,韓非子,12,scrape_output\raw\戰國\韓非子\韓非子__juan_12.txt,scrape_output\clean\戰國\韓非子\韓非子__juan_12.txt,4923,4923,0
戰國,19985,韓非子,韓非子/13,韓非子,13,scrape_output\raw\戰國\韓非子\韓非子__juan_13.txt,scrape_output\clean\戰國\韓非子\韓非子__juan_13.txt,7147,7146,0
戰國,19985,韓非子,韓非子/14,韓非子,14,scrape_output\raw\戰國\韓非子\韓非子__juan_14.txt,scrape_output\clean\戰國\韓非子\韓非子__juan_14.txt,5022,5022,0
戰國,19985,韓非子,韓非子/15,韓非子,15,scrape_output\raw\戰國\韓非子\韓非子__juan_15.txt,scrape_output\clean\戰國\韓非子\韓非子__juan_15.txt,7263,7263,0
戰國,19985,韓非子,韓非子/16,韓非子,16,scrape_output\raw\戰國\韓非子\韓非子__juan_16.txt,scrape_output\clean\戰國\韓非子\韓非子__juan_16.txt,5702,5702,0
戰國,19985,韓非子,韓非子/17,韓非子,17,scrape_output\raw\戰國\韓非子\韓非子__juan_17.txt,scrape_output\clean\戰國\韓非子\韓非子__juan_17.txt,8274,8274,0
戰國,19985,韓非子,韓非子/18,韓非子,18,scrape_output\raw\戰國\韓非子\韓非子__juan_18.txt,scrape_output\clean\戰國\韓非子\韓非子__juan_18.txt,7375,7375,0
戰國,19985,韓非子,韓非子/19,韓非子,19,scrape_output\raw\戰國\韓非子\韓非子__juan_19.txt,scrape_output\clean\戰國\韓非子\韓非子__juan_19.txt,7407,7407,0
戰國,19985,韓非子,韓非子/20,韓非子,20,scrape_output\raw\戰國\韓非子\韓非子__juan_20.txt,scrape_output\clean\戰國\韓非子\韓非子__juan_20.txt,4295,4295,0
戰國,55519,鬻子,鬻子/卷上,鬻子,1,scrape_output\raw\戰國\鬻子\鬻子__juan_01.txt,scrape_output\clean\戰國\鬻子\鬻子__juan_01.txt,3471,3359,0
戰國,55519,鬻子,鬻子/卷下,鬻子,2,scrape_output\raw\戰國\鬻子\鬻子__juan_02.txt,scrape_output\clean\戰國\鬻子\鬻子__juan_02.txt,3522,3431,0
戰國,7685,鬼谷子,鬼谷子/卷01,鬼谷子,1,scrape_output\raw\戰國\鬼谷子\鬼谷子__juan_01.txt,scrape_output\clean\戰國\鬼谷子\鬼谷子__juan_01.txt,9698,9489,0
戰國,7685,鬼谷子,鬼谷子/卷02,鬼谷子,2,scrape_output\raw\戰國\鬼谷子\鬼谷子__juan_02.txt,scrape_output\clean\戰國\鬼谷子\鬼谷子__juan_02.txt,16090,15788,0
戰國,7685,鬼谷子,鬼谷子/卷03,鬼谷子,3,scrape_output\raw\戰國\鬼谷子\鬼谷子__juan_03.txt,scrape_output\clean\戰國\鬼谷子\鬼谷子__juan_03.txt,9364,9196,0
戰國,169297,魯仲連子,魯仲連子,魯仲連子,1,scrape_output\raw\戰國\魯仲連子\魯仲連子__juan_01.txt,scrape_output\clean\戰國\魯仲連子\魯仲連子__juan_01.txt,1911,1775,0
戰國,16900,黃帝內經,黃帝內經/素問第一卷,黃帝內經,1,scrape_output\raw\戰國\黃帝內經\黃帝內經__juan_01.txt,scrape_output\clean\戰國\黃帝內經\黃帝內經__juan_01.txt,4385,4293,0
戰國,16900,黃帝內經,黃帝內經/素問第七卷,黃帝內經,2,scrape_output\raw\戰國\黃帝內經\黃帝內經__juan_02.txt,scrape_output\clean\戰國\黃帝內經\黃帝內經__juan_02.txt,3240,3148,0
戰國,16900,黃帝內經,黃帝內經/素問第三卷,黃帝內經,3,scrape_output\raw\戰國\黃帝內經\黃帝內經__juan_03.txt,scrape_output\clean\戰國\黃帝內經\黃帝內經__juan_03.txt,3538,3446,0
戰國,16900,黃帝內經,黃帝內經/素問第九卷,黃帝內經,4,scrape_output\raw\戰國\黃帝內經\黃帝內經__juan_04.txt,scrape_output\clean\戰國\黃帝內經\黃帝內經__juan_04.txt,3517,3425,0
戰國,16900,黃帝內經,黃帝內經/素問第二十一卷,黃帝內經,5,scrape_output\raw\戰國\黃帝內經\黃帝內經__juan_05.txt,scrape_output\clean\戰國\黃帝內經\黃帝內經__juan_05.txt,20407,20307,0
戰國,16900,黃帝內經,黃帝內經/素問第二十三卷,黃帝內經,6,scrape_output\raw\戰國\黃帝內經\黃帝內經__juan_06.txt,scrape_output\clean\戰國\黃帝內經\黃帝內經__juan_06.txt,2918,2822,0
戰國,16900,黃帝內經,黃帝內經/素問第二十二卷,黃帝內經,7,scrape_output\raw\戰國\黃帝內經\黃帝內經__juan_07.txt,scrape_output\clean\戰國\黃帝內經\黃帝內經__juan_07.txt,9233,9141,0
戰國,16900,黃帝內經,黃帝內經/素問第二十卷,黃帝內經,8,scrape_output\raw\戰國\黃帝內經\黃帝內經__juan_08.txt,scrape_output\clean\戰國\黃帝內經\黃帝內經__juan_08.txt,8835,8743,0
戰國,16900,黃帝內經,黃帝內經/素問第二十四卷,黃帝內經,9,scrape_output\raw\戰國\黃帝內經\黃帝內經__juan_09.txt,scrape_output\clean\戰國\黃帝內經\黃帝內經__juan_09.txt,2688,2596,0
戰國,16900,黃帝內經,黃帝內經/素問第二卷,黃帝內經,10,scrape_output\raw\戰國\黃帝內經\黃帝內經__juan_10.txt,scrape_output\clean\戰國\黃帝內經\黃帝內經__juan_10.txt,4029,3937,0
戰國,16900,黃帝內經,黃帝內經/素問第五卷,黃帝內經,11,scrape_output\raw\戰國\黃帝內經\黃帝內經__juan_11.txt,scrape_output\clean\戰國\黃帝內經\黃帝內經__juan_11.txt,3730,3638,0
戰國,16900,黃帝內經,黃帝內經/素問第八卷,黃帝內經,12,scrape_output\raw\戰國\黃帝內經\黃帝內經__juan_12.txt,scrape_output\clean\戰國\黃帝內經\黃帝內經__juan_12.txt,5570,5478,0
戰國,16900,黃帝內經,黃帝內經/素問第六卷,黃帝內經,13,scrape_output\raw\戰國\黃帝內經\黃帝內經__juan_13.txt,scrape_output\clean\戰國\黃帝內經\黃帝內經__juan_13.txt,4287,4195,0
戰國,16900,黃帝內經,黃帝內經/素問第十一卷,黃帝內經,14,scrape_output\raw\戰國\黃帝內經\黃帝內經__juan_14.txt,scrape_output\clean\戰國\黃帝內經\黃帝內經__juan_14.txt,3234,3142,0
戰國,16900,黃帝內經,黃帝內經/素問第十七卷,黃帝內經,15,scrape_output\raw\戰國\黃帝內經\黃帝內經__juan_15.txt,scrape_output\clean\戰國\黃帝內經\黃帝內經__juan_15.txt,2673,2581,0
戰國,16900,黃帝內經,黃帝內經/素問第十三卷,黃帝內經,16,scrape_output\raw\戰國\黃帝內經\黃帝內經__juan_16.txt,scrape_output\clean\戰國\黃帝內經\黃帝內經__juan_16.txt,3924,3832,0
戰國,16900,黃帝內經,黃帝內經/素問第十九卷,黃帝內經,17,scrape_output\raw\戰國\黃帝內經\黃帝內經__juan_17.txt,scrape_output\clean\戰國\黃帝內經\黃帝內經__juan_17.txt,6395,6301,0
戰國,16900,黃帝內經,黃帝內經/素問第十二卷,黃帝內經,18,scrape_output\raw\戰國\黃帝內經\黃帝內經__juan_18.txt,scrape_output\clean\戰國\黃帝內經\黃帝內經__juan_18.txt,3913,3821,0
戰國,16900,黃帝內經,黃帝內經/素問第十五卷,黃帝內經,19,scrape_output\raw\戰國\黃帝內經\黃帝內經__juan_19.txt,scrape_output\clean\戰國\黃帝內經\黃帝內經__juan_19.txt,2776,2684,0
戰國,16900,黃帝內經,黃帝內經/素問第十八卷,黃帝內經,20,scrape_output\raw\戰國\黃帝內經\黃帝內經__juan_20.txt,scrape_output\clean\戰國\黃帝內經\黃帝內經__juan_20.txt,3653,3561,0
戰國,16900,黃帝內經,黃帝內經/素問第十六卷,黃帝內經,21,scrape_output\raw\戰國\黃帝內經\黃帝內經__juan_21.txt,scrape_output\clean\戰國\黃帝內經\黃帝內經__juan_21.txt,2267,2175,0
戰國,16900,黃帝內經,黃帝內經/素問第十卷,黃帝內經,22,scrape_output\raw\戰國\黃帝內經\黃帝內經__juan_22.txt,scrape_output\clean\戰國\黃帝內經\黃帝內經__juan_22.txt,4027,3935,0
戰國,16900,黃帝內經,黃帝內經/素問第十四卷,黃帝內經,23,scrape_output\raw\戰國\黃帝內經\黃帝內經__juan_23.txt,scrape_output\clean\戰國\黃帝內經\黃帝內經__juan_23.txt,2957,2863,0
戰國,16900,黃帝內經,黃帝內經/素問第四卷,黃帝內經,24,scrape_output\raw\戰國\黃帝內經\黃帝內經__juan_24.txt,scrape_output\clean\戰國\黃帝內經\黃帝內經__juan_24.txt,3128,3036,0
戰國,16900,黃帝內經,黃帝內經/靈樞第一卷,黃帝內經,25,scrape_output\raw\戰國\黃帝內經\黃帝內經__juan_25.txt,scrape_output\clean\戰國\黃帝內經\黃帝內經__juan_25.txt,8577,8577,0
戰國,16900,黃帝內經,黃帝內經/靈樞第七卷,黃帝內經,26,scrape_output\raw\戰國\黃帝內經\黃帝內經__juan_26.txt,scrape_output\clean\戰國\黃帝內經\黃帝內經__juan_26.txt,6375,6283,0
戰國,16900,黃帝內經,黃帝內經/靈樞第三卷,黃帝內經,27,scrape_output\raw\戰國\黃帝內經\黃帝內經__juan_27.txt,scrape_output\clean\戰國\黃帝內經\黃帝內經__juan_27.txt,7364,7271,0
戰國,16900,黃帝內經,黃帝內經/靈樞第九卷,黃帝內經,28,scrape_output\raw\戰國\黃帝內經\黃帝內經__juan_28.txt,scrape_output\clean\戰國\黃帝內經\黃帝內經__juan_28.txt,6923,6831,0
戰國,16900,黃帝內經,黃帝內經/靈樞第二卷,黃帝內經,29,scrape_output\raw\戰國\黃帝內經\黃帝內經__juan_29.txt,scrape_output\clean\戰國\黃帝內經\黃帝內經__juan_29.txt,7440,7436,0
戰國,16900,黃帝內經,黃帝內經/靈樞第五卷,黃帝內經,30,scrape_output\raw\戰國\黃帝內經\黃帝內經__juan_30.txt,scrape_output\clean\戰國\黃帝內經\黃帝內經__juan_30.txt,7297,7205,0
戰國,16900,黃帝內經,黃帝內經/靈樞第八卷,黃帝內經,31,scrape_output\raw\戰國\黃帝內經\黃帝內經__juan_31.txt,scrape_output\clean\戰國\黃帝內經\黃帝內經__juan_31.txt,6215,6123,0
戰國,16900,黃帝內經,黃帝內經/靈樞第六卷,黃帝內經,32,scrape_output\raw\戰國\黃帝內經\黃帝內經__juan_32.txt,scrape_output\clean\戰國\黃帝內經\黃帝內經__juan_32.txt,7119,7027,0
戰國,16900,黃帝內經,黃帝內經/靈樞第十一卷,黃帝內經,33,scrape_output\raw\戰國\黃帝內經\黃帝內經__juan_33.txt,scrape_output\clean\戰國\黃帝內經\黃帝內經__juan_33.txt,7001,6909,0
戰國,16900,黃帝內經,黃帝內經/靈樞第十二卷,黃帝內經,34,scrape_output\raw\戰國\黃帝內經\黃帝內經__juan_34.txt,scrape_output\clean\戰國\黃帝內經\黃帝內經__juan_34.txt,6033,5941,0
戰國,16900,黃帝內經,黃帝內經/靈樞第十卷,黃帝內經,35,scrape_output\raw\戰國\黃帝內經\黃帝內經__juan_35.txt,scrape_output\clean\戰國\黃帝內經\黃帝內經__juan_35.txt,6625,6533,0
戰國,16900,黃帝內經,黃帝內經/靈樞第四卷,黃帝內經,36,scrape_output\raw\戰國\黃帝內經\黃帝內經__juan_36.txt,scrape_output\clean\戰國\黃帝內經\黃帝內經__juan_36.txt,6264,6172,0
