category	pageid	work_title	page_title	work_folder	juan_index	raw_path	clean_path	char_count_raw	char_count_clean	is_empty_page
南齊	1046088	七夕賦 (謝朓)	七夕賦 (謝朓)	七夕賦 (謝朓)	1	scrape_output\raw\南齊\七夕賦 (謝朓)\七夕賦 (謝朓)__juan_01.txt	scrape_output\clean\南齊\七夕賦 (謝朓)\七夕賦 (謝朓)__juan_01.txt	478	434	0
南齊	1047181	三日侍宴曲水代人應詔	三日侍宴曲水代人應詔	三日侍宴曲水代人應詔	1	scrape_output\raw\南齊\三日侍宴曲水代人應詔\三日侍宴曲水代人應詔__juan_01.txt	scrape_output\clean\南齊\三日侍宴曲水代人應詔\三日侍宴曲水代人應詔__juan_01.txt	510	466	0
南齊	1047179	三日侍華光殿曲水宴代人應詔	三日侍華光殿曲水宴代人應詔	三日侍華光殿曲水宴代人應詔	1	scrape_output\raw\南齊\三日侍華光殿曲水宴代人應詔\三日侍華光殿曲水宴代人應詔__juan_01.txt	scrape_output\clean\南齊\三日侍華光殿曲水宴代人應詔\三日侍華光殿曲水宴代人應詔__juan_01.txt	558	514	0
南齊	177967	上和虜表	上和虜表	上和虜表	1	scrape_output\raw\南齊\上和虜表\上和虜表__juan_01.txt	scrape_output\clean\南齊\上和虜表\上和虜表__juan_01.txt	1241	1197	0
南齊	177966	上新定律注表	上新定律注表	上新定律注表	1	scrape_output\raw\南齊\上新定律注表\上新定律注表__juan_01.txt	scrape_output\clean\南齊\上新定律注表\上新定律注表__juan_01.txt	984	939	0
南齊	143324	之宣城出新林浦向板橋	之宣城出新林浦向板橋	之宣城出新林浦向板橋	1	scrape_output\raw\南齊\之宣城出新林浦向板橋\之宣城出新林浦向板橋__juan_01.txt	scrape_output\clean\南齊\之宣城出新林浦向板橋\之宣城出新林浦向板橋__juan_01.txt	156	112	0
南齊	1047255	京路夜發	京路夜發	京路夜發	1	scrape_output\raw\南齊\京路夜發\京路夜發__juan_01.txt	scrape_output\clean\南齊\京路夜發\京路夜發__juan_01.txt	176	132	0
南齊	1047253	休沐重還丹陽道中	休沐重還丹陽道中	休沐重還丹陽道中	1	scrape_output\raw\南齊\休沐重還丹陽道中\休沐重還丹陽道中__juan_01.txt	scrape_output\clean\南齊\休沐重還丹陽道中\休沐重還丹陽道中__juan_01.txt	232	188	0
南齊	878303	佛說未曾有因緣經	佛說未曾有因緣經/卷01	佛說未曾有因緣經	1	scrape_output\raw\南齊\佛說未曾有因緣經\佛說未曾有因緣經__juan_01.txt	scrape_output\clean\南齊\佛說未曾有因緣經\佛說未曾有因緣經__juan_01.txt	10524	10522	0
南齊	878303	佛說未曾有因緣經	佛說未曾有因緣經/卷02	佛說未曾有因緣經	2	scrape_output\raw\南齊\佛說未曾有因緣經\佛說未曾有因緣經__juan_02.txt	scrape_output\clean\南齊\佛說未曾有因緣經\佛說未曾有因緣經__juan_02.txt	11838	11832	0
南齊	1047176	侍宴華光殿曲水奉勑為皇太子作	侍宴華光殿曲水奉勑為皇太子作	侍宴華光殿曲水奉勑為皇太子作	1	scrape_output\raw\南齊\侍宴華光殿曲水奉勑為皇太子作\侍宴華光殿曲水奉勑為皇太子作__juan_01.txt	scrape_output\clean\南齊\侍宴華光殿曲水奉勑為皇太子作\侍宴華光殿曲水奉勑為皇太子作__juan_01.txt	510	466	0
南齊	1047432	侍筵西堂落日望鄉	侍筵西堂落日望鄉	侍筵西堂落日望鄉	1	scrape_output\raw\南齊\侍筵西堂落日望鄉\侍筵西堂落日望鄉__juan_01.txt	scrape_output\clean\南齊\侍筵西堂落日望鄉\侍筵西堂落日望鄉__juan_01.txt	221	169	0
南齊	105674	冥祥記	冥祥記	冥祥記	1	scrape_output\raw\南齊\冥祥記\冥祥記__juan_01.txt	scrape_output\clean\南齊\冥祥記\冥祥記__juan_01.txt	45753	45735	0
南齊	1047278	冬日晩郡事隙	冬日晩郡事隙	冬日晩郡事隙	1	scrape_output\raw\南齊\冬日晩郡事隙\冬日晩郡事隙__juan_01.txt	scrape_output\clean\南齊\冬日晩郡事隙\冬日晩郡事隙__juan_01.txt	190	146	0
南齊	1047282	冬緒羈懐示蕭諮議虞田曹劉江二常侍	冬緒羈懐示蕭諮議虞田曹劉江二常侍	冬緒羈懐示蕭諮議虞田曹劉江二常侍	1	scrape_output\raw\南齊\冬緒羈懐示蕭諮議虞田曹劉江二常侍\冬緒羈懐示蕭諮議虞田曹劉江二常侍__juan_01.txt	scrape_output\clean\南齊\冬緒羈懐示蕭諮議虞田曹劉江二常侍\冬緒羈懐示蕭諮議虞田曹劉江二常侍__juan_01.txt	232	188	0
南齊	1047386	出下館	出下館	出下館	1	scrape_output\raw\南齊\出下館\出下館__juan_01.txt	scrape_output\clean\南齊\出下館\出下館__juan_01.txt	134	90	0
南齊	15022	別詩 (張融)	別詩 (張融)	別詩 (張融)	1	scrape_output\raw\南齊\別詩 (張融)\別詩 (張融)__juan_01.txt	scrape_output\clean\南齊\別詩 (張融)\別詩 (張融)__juan_01.txt	118	74	0
南齊	1047206	别王丞僧孺	别王丞僧孺	别王丞僧孺	1	scrape_output\raw\南齊\别王丞僧孺\别王丞僧孺__juan_01.txt	scrape_output\clean\南齊\别王丞僧孺\别王丞僧孺__juan_01.txt	148	104	0
南齊	758573	劉涓子鬼遺方	劉涓子鬼遺方/卷一並序	劉涓子鬼遺方	1	scrape_output\raw\南齊\劉涓子鬼遺方\劉涓子鬼遺方__juan_01.txt	scrape_output\clean\南齊\劉涓子鬼遺方\劉涓子鬼遺方__juan_01.txt	3205	3191	0
南齊	758573	劉涓子鬼遺方	劉涓子鬼遺方/卷二	劉涓子鬼遺方	2	scrape_output\raw\南齊\劉涓子鬼遺方\劉涓子鬼遺方__juan_02.txt	scrape_output\clean\南齊\劉涓子鬼遺方\劉涓子鬼遺方__juan_02.txt	542	542	0
南齊	56735	古畫品錄	古畫品錄	古畫品錄	1	scrape_output\raw\南齊\古畫品錄\古畫品錄__juan_01.txt	scrape_output\clean\南齊\古畫品錄\古畫品錄__juan_01.txt	1595	1483	0
南齊	1047208	同羇夜集	同羇夜集	同羇夜集	1	scrape_output\raw\南齊\同羇夜集\同羇夜集__juan_01.txt	scrape_output\clean\南齊\同羇夜集\同羇夜集__juan_01.txt	162	118	0
南齊	1047412	同詠坐上所見一物得席	同詠坐上所見一物得席	同詠坐上所見一物得席	1	scrape_output\raw\南齊\同詠坐上所見一物得席\同詠坐上所見一物得席__juan_01.txt	scrape_output\clean\南齊\同詠坐上所見一物得席\同詠坐上所見一物得席__juan_01.txt	134	90	0
南齊	1047410	同詠坐上玩器得烏皮隠几	同詠坐上玩器得烏皮隠几	同詠坐上玩器得烏皮隠几	1	scrape_output\raw\南齊\同詠坐上玩器得烏皮隠几\同詠坐上玩器得烏皮隠几__juan_01.txt	scrape_output\clean\南齊\同詠坐上玩器得烏皮隠几\同詠坐上玩器得烏皮隠几__juan_01.txt	134	90	0
南齊	1047408	同詠樂器得琴	同詠樂器得琴	同詠樂器得琴	1	scrape_output\raw\南齊\同詠樂器得琴\同詠樂器得琴__juan_01.txt	scrape_output\clean\南齊\同詠樂器得琴\同詠樂器得琴__juan_01.txt	134	90	0
南齊	25834	同謝諮議銅雀臺詩	同謝諮議銅雀臺詩	同謝諮議銅雀臺詩	1	scrape_output\raw\南齊\同謝諮議銅雀臺詩\同謝諮議銅雀臺詩__juan_01.txt	scrape_output\clean\南齊\同謝諮議銅雀臺詩\同謝諮議銅雀臺詩__juan_01.txt	133	89	0
南齊	1047307	和伏武昌登孫權故城	和伏武昌登孫權故城	和伏武昌登孫權故城	1	scrape_output\raw\南齊\和伏武昌登孫權故城\和伏武昌登孫權故城__juan_01.txt	scrape_output\clean\南齊\和伏武昌登孫權故城\和伏武昌登孫權故城__juan_01.txt	330	286	0
南齊	1047298	和何議曹郊遊二首	和何議曹郊遊二首	和何議曹郊遊二首	1	scrape_output\raw\南齊\和何議曹郊遊二首\和何議曹郊遊二首__juan_01.txt	scrape_output\clean\南齊\和何議曹郊遊二首\和何議曹郊遊二首__juan_01.txt	218	174	0
南齊	1047328	和劉中書	和劉中書	和劉中書	1	scrape_output\raw\南齊\和劉中書\和劉中書__juan_01.txt	scrape_output\clean\南齊\和劉中書\和劉中書__juan_01.txt	246	202	0
南齊	1047301	和劉西曹望海臺	和劉西曹望海臺	和劉西曹望海臺	1	scrape_output\raw\南齊\和劉西曹望海臺\和劉西曹望海臺__juan_01.txt	scrape_output\clean\南齊\和劉西曹望海臺\和劉西曹望海臺__juan_01.txt	148	104	0
南齊	1047303	和宋記室省中	和宋記室省中	和宋記室省中	1	scrape_output\raw\南齊\和宋記室省中\和宋記室省中__juan_01.txt	scrape_output\clean\南齊\和宋記室省中\和宋記室省中__juan_01.txt	148	104	0
南齊	1047315	和徐都曹出新亭渚	和徐都曹出新亭渚	和徐都曹出新亭渚	1	scrape_output\raw\南齊\和徐都曹出新亭渚\和徐都曹出新亭渚__juan_01.txt	scrape_output\clean\南齊\和徐都曹出新亭渚\和徐都曹出新亭渚__juan_01.txt	148	104	0
南齊	1047336	和江丞北戍琅邪城	和江丞北戍琅邪城	和江丞北戍琅邪城	1	scrape_output\raw\南齊\和江丞北戍琅邪城\和江丞北戍琅邪城__juan_01.txt	scrape_output\clean\南齊\和江丞北戍琅邪城\和江丞北戍琅邪城__juan_01.txt	148	104	0
南齊	1047338	和沈祭酒行園	和沈祭酒行園	和沈祭酒行園	1	scrape_output\raw\南齊\和沈祭酒行園\和沈祭酒行園__juan_01.txt	scrape_output\clean\南齊\和沈祭酒行園\和沈祭酒行園__juan_01.txt	162	118	0
南齊	1047362	和王中丞聞琴	和王中丞聞琴	和王中丞聞琴	1	scrape_output\raw\南齊\和王中丞聞琴\和王中丞聞琴__juan_01.txt	scrape_output\clean\南齊\和王中丞聞琴\和王中丞聞琴__juan_01.txt	134	90	0
南齊	1047313	和王主簿季哲怨情	和王主簿季哲怨情	和王主簿季哲怨情	1	scrape_output\raw\南齊\和王主簿季哲怨情\和王主簿季哲怨情__juan_01.txt	scrape_output\clean\南齊\和王主簿季哲怨情\和王主簿季哲怨情__juan_01.txt	162	118	0
南齊	1047305	和王著作融八公山	和王著作融八公山	和王著作融八公山	1	scrape_output\raw\南齊\和王著作融八公山\和王著作融八公山__juan_01.txt	scrape_output\clean\南齊\和王著作融八公山\和王著作融八公山__juan_01.txt	288	244	0
南齊	1047334	和王長史臥病	和王長史臥病	和王長史臥病	1	scrape_output\raw\南齊\和王長史臥病\和王長史臥病__juan_01.txt	scrape_output\clean\南齊\和王長史臥病\和王長史臥病__juan_01.txt	248	204	0
南齊	1047342	和紀參軍服散得益	和紀參軍服散得益	和紀參軍服散得益	1	scrape_output\raw\南齊\和紀參軍服散得益\和紀參軍服散得益__juan_01.txt	scrape_output\clean\南齊\和紀參軍服散得益\和紀參軍服散得益__juan_01.txt	134	90	0
南齊	1047330	和蕭中庶直石頭	和蕭中庶直石頭	和蕭中庶直石頭	1	scrape_output\raw\南齊\和蕭中庶直石頭\和蕭中庶直石頭__juan_01.txt	scrape_output\clean\南齊\和蕭中庶直石頭\和蕭中庶直石頭__juan_01.txt	316	272	0
南齊	1045821	問律自序	問律自序	問律自序	1	scrape_output\raw\南齊\問律自序\問律自序__juan_01.txt	scrape_output\clean\南齊\問律自序\問律自序__juan_01.txt	413	369	0
南齊	1047204	在郡臥病呈沈尚書	在郡臥病呈沈尚書	在郡臥病呈沈尚書	1	scrape_output\raw\南齊\在郡臥病呈沈尚書\在郡臥病呈沈尚書__juan_01.txt	scrape_output\clean\南齊\在郡臥病呈沈尚書\在郡臥病呈沈尚書__juan_01.txt	218	174	0
南齊	862288	塞客吟	塞客吟	塞客吟	1	scrape_output\raw\南齊\塞客吟\塞客吟__juan_01.txt	scrape_output\clean\南齊\塞客吟\塞客吟__juan_01.txt	385	341	0
南齊	1047309	夏始和劉潺陵	夏始和劉潺陵	夏始和劉潺陵	1	scrape_output\raw\南齊\夏始和劉潺陵\夏始和劉潺陵__juan_01.txt	scrape_output\clean\南齊\夏始和劉潺陵\夏始和劉潺陵__juan_01.txt	232	188	0
南齊	1047390	夜聽妓二首	夜聽妓二首	夜聽妓二首	1	scrape_output\raw\南齊\夜聽妓二首\夜聽妓二首__juan_01.txt	scrape_output\clean\南齊\夜聽妓二首\夜聽妓二首__juan_01.txt	190	146	0
南齊	1188153	天光寺碑	天光寺碑	天光寺碑	1	scrape_output\raw\南齊\天光寺碑\天光寺碑__juan_01.txt	scrape_output\clean\南齊\天光寺碑\天光寺碑__juan_01.txt	351	305	0
南齊	1047332	奉和竟陵王同沈右率過劉先生墓	奉和竟陵王同沈右率過劉先生墓	奉和竟陵王同沈右率過劉先生墓	1	scrape_output\raw\南齊\奉和竟陵王同沈右率過劉先生墓\奉和竟陵王同沈右率過劉先生墓__juan_01.txt	scrape_output\clean\南齊\奉和竟陵王同沈右率過劉先生墓\奉和竟陵王同沈右率過劉先生墓__juan_01.txt	162	118	0
南齊	1047340	奉和隨王殿下十六首	奉和隨王殿下十六首	奉和隨王殿下十六首	1	scrape_output\raw\南齊\奉和隨王殿下十六首\奉和隨王殿下十六首__juan_01.txt	scrape_output\clean\南齊\奉和隨王殿下十六首\奉和隨王殿下十六首__juan_01.txt	1184	1140	0
南齊	177969	奏劾王奐	奏劾王奐	奏劾王奐	1	scrape_output\raw\南齊\奏劾王奐\奏劾王奐__juan_01.txt	scrape_output\clean\南齊\奏劾王奐\奏劾王奐__juan_01.txt	748	703	0
南齊	177970	奏劾王融	奏劾王融	奏劾王融	1	scrape_output\raw\南齊\奏劾王融\奏劾王融__juan_01.txt	scrape_output\clean\南齊\奏劾王融\奏劾王融__juan_01.txt	245	200	0
南齊	1047214	始之宣城郡	始之宣城郡	始之宣城郡	1	scrape_output\raw\南齊\始之宣城郡\始之宣城郡__juan_01.txt	scrape_output\clean\南齊\始之宣城郡\始之宣城郡__juan_01.txt	260	216	0
南齊	1047257	始出尚書省	始出尚書省	始出尚書省	1	scrape_output\raw\南齊\始出尚書省\始出尚書省__juan_01.txt	scrape_output\clean\南齊\始出尚書省\始出尚書省__juan_01.txt	296	250	0
南齊	1045849	孔詹事集	孔詹事集	孔詹事集	1	scrape_output\raw\南齊\孔詹事集\孔詹事集__juan_01.txt	scrape_output\clean\南齊\孔詹事集\孔詹事集__juan_01.txt	7521	7472	0
南齊	1047263	宣城郡內登望	宣城郡內登望	宣城郡內登望	1	scrape_output\raw\南齊\宣城郡內登望\宣城郡內登望__juan_01.txt	scrape_output\clean\南齊\宣城郡內登望\宣城郡內登望__juan_01.txt	204	160	0
南齊	1047364	將發石頭上烽火樓	將發石頭上烽火樓	將發石頭上烽火樓	1	scrape_output\raw\南齊\將發石頭上烽火樓\將發石頭上烽火樓__juan_01.txt	scrape_output\clean\南齊\將發石頭上烽火樓\將發石頭上烽火樓__juan_01.txt	134	90	0
南齊	1188134	將至潯陽郡教	將至潯陽郡教	將至潯陽郡教	1	scrape_output\raw\南齊\將至潯陽郡教\將至潯陽郡教__juan_01.txt	scrape_output\clean\南齊\將至潯陽郡教\將至潯陽郡教__juan_01.txt	320	274	0
南齊	1047187	將遊湘水尋句溪	將遊湘水尋句溪	將遊湘水尋句溪	1	scrape_output\raw\南齊\將遊湘水尋句溪\將遊湘水尋句溪__juan_01.txt	scrape_output\clean\南齊\將遊湘水尋句溪\將遊湘水尋句溪__juan_01.txt	204	160	0
南齊	1045068	張長史集	張長史集	張長史集	1	scrape_output\raw\南齊\張長史集\張長史集__juan_01.txt	scrape_output\clean\南齊\張長史集\張長史集__juan_01.txt	8480	8426	0
南齊	1047434	往敬亭路中	往敬亭路中	往敬亭路中	1	scrape_output\raw\南齊\往敬亭路中\往敬亭路中__juan_01.txt	scrape_output\clean\南齊\往敬亭路中\往敬亭路中__juan_01.txt	255	201	0
南齊	1047374	後齋迥望	後齋迥望	後齋迥望	1	scrape_output\raw\南齊\後齋迥望\後齋迥望__juan_01.txt	scrape_output\clean\南齊\後齋迥望\後齋迥望__juan_01.txt	134	90	0
南齊	1188152	志法師墓志銘	志法師墓志銘	志法師墓志銘	1	scrape_output\raw\南齊\志法師墓志銘\志法師墓志銘__juan_01.txt	scrape_output\clean\南齊\志法師墓志銘\志法師墓志銘__juan_01.txt	431	385	0
南齊	1045951	思歸賦 (謝朓)	思歸賦 (謝朓)	思歸賦 (謝朓)	1	scrape_output\raw\南齊\思歸賦 (謝朓)\思歸賦 (謝朓)__juan_01.txt	scrape_output\clean\南齊\思歸賦 (謝朓)\思歸賦 (謝朓)__juan_01.txt	740	696	0
南齊	1188132	思田賦	思田賦	思田賦	1	scrape_output\raw\南齊\思田賦\思田賦__juan_01.txt	scrape_output\clean\南齊\思田賦\思田賦__juan_01.txt	411	365	0
南齊	1188131	感知己賦贈任昉	感知己賦贈任昉	感知己賦贈任昉	1	scrape_output\raw\南齊\感知己賦贈任昉\感知己賦贈任昉__juan_01.txt	scrape_output\clean\南齊\感知己賦贈任昉\感知己賦贈任昉__juan_01.txt	580	534	0
南齊	1045829	憂且吟	憂且吟	憂且吟	1	scrape_output\raw\南齊\憂且吟\憂且吟__juan_01.txt	scrape_output\clean\南齊\憂且吟\憂且吟__juan_01.txt	106	62	0
南齊	1047212	懐故人	懐故人	懐故人	1	scrape_output\raw\南齊\懐故人\懐故人__juan_01.txt	scrape_output\clean\南齊\懐故人\懐故人__juan_01.txt	162	118	0
南齊	23488	拜中軍記室辭隋王牋	拜中軍記室辭隋王牋	拜中軍記室辭隋王牋	1	scrape_output\raw\南齊\拜中軍記室辭隋王牋\拜中軍記室辭隋王牋__juan_01.txt	scrape_output\clean\南齊\拜中軍記室辭隋王牋\拜中軍記室辭隋王牋__juan_01.txt	413	369	0
南齊	1188137	拜吏部郎表	拜吏部郎表	拜吏部郎表	1	scrape_output\raw\南齊\拜吏部郎表\拜吏部郎表__juan_01.txt	scrape_output\clean\南齊\拜吏部郎表\拜吏部郎表__juan_01.txt	166	122	0
南齊	1188136	授潯陽太守章	授潯陽太守章	授潯陽太守章	1	scrape_output\raw\南齊\授潯陽太守章\授潯陽太守章__juan_01.txt	scrape_output\clean\南齊\授潯陽太守章\授潯陽太守章__juan_01.txt	161	115	0
南齊	1046090	擬風賦	擬風賦	擬風賦	1	scrape_output\raw\南齊\擬風賦\擬風賦__juan_01.txt	scrape_output\clean\南齊\擬風賦\擬風賦__juan_01.txt	281	237	0
南齊	205809	敕條制禁奢靡詔	敕條制禁奢靡詔	敕條制禁奢靡詔	1	scrape_output\raw\南齊\敕條制禁奢靡詔\敕條制禁奢靡詔__juan_01.txt	scrape_output\clean\南齊\敕條制禁奢靡詔\敕條制禁奢靡詔__juan_01.txt	172	128	0
南齊	25949	新亭渚別范零陵詩	新亭渚別范零陵詩	新亭渚別范零陵詩	1	scrape_output\raw\南齊\新亭渚別范零陵詩\新亭渚別范零陵詩__juan_01.txt	scrape_output\clean\南齊\新亭渚別范零陵詩\新亭渚別范零陵詩__juan_01.txt	147	103	0
南齊	1188150	新刻漏銘並序	新刻漏銘並序	新刻漏銘並序	1	scrape_output\raw\南齊\新刻漏銘並序\新刻漏銘並序__juan_01.txt	scrape_output\clean\南齊\新刻漏銘並序\新刻漏銘並序__juan_01.txt	911	865	0
南齊	1046385	新安長公主墓銘	新安長公主墓銘	新安長公主墓銘	1	scrape_output\raw\南齊\新安長公主墓銘\新安長公主墓銘__juan_01.txt	scrape_output\clean\南齊\新安長公主墓銘\新安長公主墓銘__juan_01.txt	140	96	0
南齊	1047311	新治北窗和何從事	新治北窗和何從事	新治北窗和何從事	1	scrape_output\raw\南齊\新治北窗和何從事\新治北窗和何從事__juan_01.txt	scrape_output\clean\南齊\新治北窗和何從事\新治北窗和何從事__juan_01.txt	204	160	0
南齊	1045862	旦發靑林	旦發靑林	旦發靑林	1	scrape_output\raw\南齊\旦發靑林\旦發靑林__juan_01.txt	scrape_output\clean\南齊\旦發靑林\旦發靑林__juan_01.txt	134	90	0
南齊	1047296	春思 (謝朓)	春思 (謝朓)	春思 (謝朓)	1	scrape_output\raw\南齊\春思 (謝朓)\春思 (謝朓)__juan_01.txt	scrape_output\clean\南齊\春思 (謝朓)\春思 (謝朓)__juan_01.txt	162	118	0
南齊	1047198	暫使下都夜發新林至京邑贈西府同僚	暫使下都夜發新林至京邑贈西府同僚	暫使下都夜發新林至京邑贈西府同僚	1	scrape_output\raw\南齊\暫使下都夜發新林至京邑贈西府同僚\暫使下都夜發新林至京邑贈西府同僚__juan_01.txt	scrape_output\clean\南齊\暫使下都夜發新林至京邑贈西府同僚\暫使下都夜發新林至京邑贈西府同僚__juan_01.txt	218	174	0
南齊	170959	曲池之水	曲池之水	曲池之水	1	scrape_output\raw\南齊\曲池之水\曲池之水__juan_01.txt	scrape_output\clean\南齊\曲池之水\曲池之水__juan_01.txt	135	90	0
南齊	1047158	有所思同王主簿賦	有所思同王主簿賦	有所思同王主簿賦	1	scrape_output\raw\南齊\有所思同王主簿賦\有所思同王主簿賦__juan_01.txt	scrape_output\clean\南齊\有所思同王主簿賦\有所思同王主簿賦__juan_01.txt	106	62	0
南齊	1047366	望三湖	望三湖	望三湖	1	scrape_output\raw\南齊\望三湖\望三湖__juan_01.txt	scrape_output\clean\南齊\望三湖\望三湖__juan_01.txt	134	90	0
南齊	1046094	杜若賦	杜若賦	杜若賦	1	scrape_output\raw\南齊\杜若賦\杜若賦__juan_01.txt	scrape_output\clean\南齊\杜若賦\杜若賦__juan_01.txt	246	202	0
南齊	1047156	永明樂十首	永明樂十首	永明樂十首	1	scrape_output\raw\南齊\永明樂十首\永明樂十首__juan_01.txt	scrape_output\clean\南齊\永明樂十首\永明樂十首__juan_01.txt	360	315	0
南齊	1046400	江上曲 (謝朓)	江上曲 (謝朓)	江上曲 (謝朓)	1	scrape_output\raw\南齊\江上曲 (謝朓)\江上曲 (謝朓)__juan_01.txt	scrape_output\clean\南齊\江上曲 (謝朓)\江上曲 (謝朓)__juan_01.txt	148	104	0
南齊	1047210	沗役湘州與宣城吏民别	沗役湘州與宣城吏民别	沗役湘州與宣城吏民别	1	scrape_output\raw\南齊\沗役湘州與宣城吏民别\沗役湘州與宣城吏民别__juan_01.txt	scrape_output\clean\南齊\沗役湘州與宣城吏民别\沗役湘州與宣城吏民别__juan_01.txt	232	188	0
南齊	1047292	治宅	治宅	治宅	1	scrape_output\raw\南齊\治宅\治宅__juan_01.txt	scrape_output\clean\南齊\治宅\治宅__juan_01.txt	148	104	0
南齊	1046104	為宣城公拜章	為宣城公拜章	為宣城公拜章	1	scrape_output\raw\南齊\為宣城公拜章\為宣城公拜章__juan_01.txt	scrape_output\clean\南齊\為宣城公拜章\為宣城公拜章__juan_01.txt	155	111	0
南齊	1188143	為張侍中謝啟	為張侍中謝啟	為張侍中謝啟	1	scrape_output\raw\南齊\為張侍中謝啟\為張侍中謝啟__juan_01.txt	scrape_output\clean\南齊\為張侍中謝啟\為張侍中謝啟__juan_01.txt	188	142	0
南齊	1188139	為張纘謝兄尚書諡靖子表	為張纘謝兄尚書諡靖子表	為張纘謝兄尚書諡靖子表	1	scrape_output\raw\南齊\為張纘謝兄尚書諡靖子表\為張纘謝兄尚書諡靖子表__juan_01.txt	scrape_output\clean\南齊\為張纘謝兄尚書諡靖子表\為張纘謝兄尚書諡靖子表__juan_01.txt	166	120	0
南齊	1188145	為息纘謝敕賜朝服啟	為息纘謝敕賜朝服啟	為息纘謝敕賜朝服啟	1	scrape_output\raw\南齊\為息纘謝敕賜朝服啟\為息纘謝敕賜朝服啟__juan_01.txt	scrape_output\clean\南齊\為息纘謝敕賜朝服啟\為息纘謝敕賜朝服啟__juan_01.txt	145	99	0
南齊	1046102	為明帝拜錄尚書表	為明帝拜錄尚書表	為明帝拜錄尚書表	1	scrape_output\raw\南齊\為明帝拜錄尚書表\為明帝拜錄尚書表__juan_01.txt	scrape_output\clean\南齊\為明帝拜錄尚書表\為明帝拜錄尚書表__juan_01.txt	190	146	0
南齊	1046100	為明帝讓封宣城公表	為明帝讓封宣城公表	為明帝讓封宣城公表	1	scrape_output\raw\南齊\為明帝讓封宣城公表\為明帝讓封宣城公表__juan_01.txt	scrape_output\clean\南齊\為明帝讓封宣城公表\為明帝讓封宣城公表__juan_01.txt	152	108	0
南齊	1046179	為東海餉諸葛處士教	為東海餉諸葛處士教	為東海餉諸葛處士教	1	scrape_output\raw\南齊\為東海餉諸葛處士教\為東海餉諸葛處士教__juan_01.txt	scrape_output\clean\南齊\為東海餉諸葛處士教\為東海餉諸葛處士教__juan_01.txt	191	147	0
南齊	1188140	為王光祿轉太常讓表	為王光祿轉太常讓表	為王光祿轉太常讓表	1	scrape_output\raw\南齊\為王光祿轉太常讓表\為王光祿轉太常讓表__juan_01.txt	scrape_output\clean\南齊\為王光祿轉太常讓表\為王光祿轉太常讓表__juan_01.txt	219	175	0
南齊	1046171	為王敬則謝會稽太守啟	為王敬則謝會稽太守啟	為王敬則謝會稽太守啟	1	scrape_output\raw\南齊\為王敬則謝會稽太守啟\為王敬則謝會稽太守啟__juan_01.txt	scrape_output\clean\南齊\為王敬則謝會稽太守啟\為王敬則謝會稽太守啟__juan_01.txt	195	151	0
南齊	177963	為王敬則讓司空表	為王敬則讓司空表	為王敬則讓司空表	1	scrape_output\raw\南齊\為王敬則讓司空表\為王敬則讓司空表__juan_01.txt	scrape_output\clean\南齊\為王敬則讓司空表\為王敬則讓司空表__juan_01.txt	287	241	0
南齊	1046098	為百官勸進齊明帝表	為百官勸進齊明帝表	為百官勸進齊明帝表	1	scrape_output\raw\南齊\為百官勸進齊明帝表\為百官勸進齊明帝表__juan_01.txt	scrape_output\clean\南齊\為百官勸進齊明帝表\為百官勸進齊明帝表__juan_01.txt	248	204	0
南齊	1046394	為諸姊祭阮夫人文	為諸姊祭阮夫人文	為諸姊祭阮夫人文	1	scrape_output\raw\南齊\為諸姊祭阮夫人文\為諸姊祭阮夫人文__juan_01.txt	scrape_output\clean\南齊\為諸姊祭阮夫人文\為諸姊祭阮夫人文__juan_01.txt	160	116	0
南齊	1188138	為豫章王慶太子出宮表	為豫章王慶太子出宮表	為豫章王慶太子出宮表	1	scrape_output\raw\南齊\為豫章王慶太子出宮表\為豫章王慶太子出宮表__juan_01.txt	scrape_output\clean\南齊\為豫章王慶太子出宮表\為豫章王慶太子出宮表__juan_01.txt	244	198	0
南齊	1046177	為錄公拜揚州恩教	為錄公拜揚州恩教	為錄公拜揚州恩教	1	scrape_output\raw\南齊\為錄公拜揚州恩教\為錄公拜揚州恩教__juan_01.txt	scrape_output\clean\南齊\為錄公拜揚州恩教\為錄公拜揚州恩教__juan_01.txt	184	140	0
南齊	1046392	為隨王東耕文	為隨王東耕文	為隨王東耕文	1	scrape_output\raw\南齊\為隨王東耕文\為隨王東耕文__juan_01.txt	scrape_output\clean\南齊\為隨王東耕文\為隨王東耕文__juan_01.txt	120	76	0
南齊	165428	無量義經	無量義經	無量義經	1	scrape_output\raw\南齊\無量義經\無量義經__juan_01.txt	scrape_output\clean\南齊\無量義經\無量義經__juan_01.txt	9844	9789	0
南齊	14198	燭 (謝朓)	燭 (謝朓)	燭 (謝朓)	1	scrape_output\raw\南齊\燭 (謝朓)\燭 (謝朓)__juan_01.txt	scrape_output\clean\南齊\燭 (謝朓)\燭 (謝朓)__juan_01.txt	134	90	0
南齊	1045854	玄館碑	玄館碑	玄館碑	1	scrape_output\raw\南齊\玄館碑\玄館碑__juan_01.txt	scrape_output\clean\南齊\玄館碑\玄館碑__juan_01.txt	216	172	0
南齊	7964	玉階怨 (謝朓)	玉階怨 (謝朓)	玉階怨 (謝朓)	1	scrape_output\raw\南齊\玉階怨 (謝朓)\玉階怨 (謝朓)__juan_01.txt	scrape_output\clean\南齊\玉階怨 (謝朓)\玉階怨 (謝朓)__juan_01.txt	106	62	0
南齊	14920	王孫遊 (謝朓)	王孫遊 (謝朓)	王孫遊 (謝朓)	1	scrape_output\raw\南齊\王孫遊 (謝朓)\王孫遊 (謝朓)__juan_01.txt	scrape_output\clean\南齊\王孫遊 (謝朓)\王孫遊 (謝朓)__juan_01.txt	106	62	0
南齊	1045825	白日歌	白日歌	白日歌	1	scrape_output\raw\南齊\白日歌\白日歌__juan_01.txt	scrape_output\clean\南齊\白日歌\白日歌__juan_01.txt	156	112	0
南齊	1045860	白馬篇二首	白馬篇二首	白馬篇二首	1	scrape_output\raw\南齊\白馬篇二首\白馬篇二首__juan_01.txt	scrape_output\clean\南齊\白馬篇二首\白馬篇二首__juan_01.txt	514	470	0
南齊	1047259	直中書省 (謝朓)	直中書省 (謝朓)	直中書省 (謝朓)	1	scrape_output\raw\南齊\直中書省 (謝朓)\直中書省 (謝朓)__juan_01.txt	scrape_output\clean\南齊\直中書省 (謝朓)\直中書省 (謝朓)__juan_01.txt	190	146	0
南齊	1188149	石闕銘 (陸倕)	石闕銘 (陸倕)	石闕銘 (陸倕)	1	scrape_output\raw\南齊\石闕銘 (陸倕)\石闕銘 (陸倕)__juan_01.txt	scrape_output\clean\南齊\石闕銘 (陸倕)\石闕銘 (陸倕)__juan_01.txt	1419	1373	0
南齊	1047384	祀敬亭山廟	祀敬亭山廟	祀敬亭山廟	1	scrape_output\raw\南齊\祀敬亭山廟\祀敬亭山廟__juan_01.txt	scrape_output\clean\南齊\祀敬亭山廟\祀敬亭山廟__juan_01.txt	134	90	0
南齊	1047436	祀敬亭山春雨	祀敬亭山春雨	祀敬亭山春雨	1	scrape_output\raw\南齊\祀敬亭山春雨\祀敬亭山春雨__juan_01.txt	scrape_output\clean\南齊\祀敬亭山春雨\祀敬亭山春雨__juan_01.txt	185	135	0
南齊	1045858	祭外兄張長史文	祭外兄張長史文	祭外兄張長史文	1	scrape_output\raw\南齊\祭外兄張長史文\祭外兄張長史文__juan_01.txt	scrape_output\clean\南齊\祭外兄張長史文\祭外兄張長史文__juan_01.txt	140	96	0
南齊	1046390	祭大雷何周二神文	祭大雷何周二神文	祭大雷何周二神文	1	scrape_output\raw\南齊\祭大雷何周二神文\祭大雷何周二神文__juan_01.txt	scrape_output\clean\南齊\祭大雷何周二神文\祭大雷何周二神文__juan_01.txt	184	140	0
南齊	14196	秋夜 (謝朓)	秋夜 (謝朓)	秋夜 (謝朓)	1	scrape_output\raw\南齊\秋夜 (謝朓)\秋夜 (謝朓)__juan_01.txt	scrape_output\clean\南齊\秋夜 (謝朓)\秋夜 (謝朓)__juan_01.txt	158	114	0
南齊	1047294	秋夜講解	秋夜講解	秋夜講解	1	scrape_output\raw\南齊\秋夜講解\秋夜講解__juan_01.txt	scrape_output\clean\南齊\秋夜講解\秋夜講解__juan_01.txt	246	202	0
南齊	1047079	秋竹曲	秋竹曲	秋竹曲	1	scrape_output\raw\南齊\秋竹曲\秋竹曲__juan_01.txt	scrape_output\clean\南齊\秋竹曲\秋竹曲__juan_01.txt	134	90	0
南齊	1047290	移病還園示親屬	移病還園示親屬	移病還園示親屬	1	scrape_output\raw\南齊\移病還園示親屬\移病還園示親屬__juan_01.txt	scrape_output\clean\南齊\移病還園示親屬\移病還園示親屬__juan_01.txt	176	132	0
南齊	60593	筆意贊	筆意贊	筆意贊	1	scrape_output\raw\南齊\筆意贊\筆意贊__juan_01.txt	scrape_output\clean\南齊\筆意贊\筆意贊__juan_01.txt	253	209	0
南齊	1045811	答周顒書	答周顒書	答周顒書	1	scrape_output\raw\南齊\答周顒書\答周顒書__juan_01.txt	scrape_output\clean\南齊\答周顒書\答周顒書__juan_01.txt	1674	1630	0
南齊	1047196	答張齊興	答張齊興	答張齊興	1	scrape_output\raw\南齊\答張齊興\答張齊興__juan_01.txt	scrape_output\clean\南齊\答張齊興\答張齊興__juan_01.txt	218	174	0
南齊	1047378	答沈右率諸君餞别	答沈右率諸君餞别	答沈右率諸君餞别	1	scrape_output\raw\南齊\答沈右率諸君餞别\答沈右率諸君餞别__juan_01.txt	scrape_output\clean\南齊\答沈右率諸君餞别\答沈右率諸君餞别__juan_01.txt	134	90	0
南齊	1047189	答王世子	答王世子	答王世子	1	scrape_output\raw\南齊\答王世子\答王世子__juan_01.txt	scrape_output\clean\南齊\答王世子\答王世子__juan_01.txt	148	104	0
南齊	1045852	答蕭司徒書	答蕭司徒書	答蕭司徒書	1	scrape_output\raw\南齊\答蕭司徒書\答蕭司徒書__juan_01.txt	scrape_output\clean\南齊\答蕭司徒書\答蕭司徒書__juan_01.txt	1115	1071	0
南齊	1188148	答釋法雲書難范縝神滅論	答釋法雲書難范縝神滅論	答釋法雲書難范縝神滅論	1	scrape_output\raw\南齊\答釋法雲書難范縝神滅論\答釋法雲書難范縝神滅論__juan_01.txt	scrape_output\clean\南齊\答釋法雲書難范縝神滅論\答釋法雲書難范縝神滅論__juan_01.txt	282	236	0
南齊	1047428	紀功曹中園	紀功曹中園	紀功曹中園	1	scrape_output\raw\南齊\紀功曹中園\紀功曹中園__juan_01.txt	scrape_output\clean\南齊\紀功曹中園\紀功曹中園__juan_01.txt	184	134	0
南齊	1045823	臨卒戒子	臨卒戒子	臨卒戒子	1	scrape_output\raw\南齊\臨卒戒子\臨卒戒子__juan_01.txt	scrape_output\clean\南齊\臨卒戒子\臨卒戒子__juan_01.txt	168	124	0
南齊	1045955	臨楚江賦	臨楚江賦	臨楚江賦	1	scrape_output\raw\南齊\臨楚江賦\臨楚江賦__juan_01.txt	scrape_output\clean\南齊\臨楚江賦\臨楚江賦__juan_01.txt	212	168	0
南齊	1046383	臨海公主墓銘	臨海公主墓銘	臨海公主墓銘	1	scrape_output\raw\南齊\臨海公主墓銘\臨海公主墓銘__juan_01.txt	scrape_output\clean\南齊\臨海公主墓銘\臨海公主墓銘__juan_01.txt	220	176	0
南齊	1047372	臨溪送别	臨溪送别	臨溪送别	1	scrape_output\raw\南齊\臨溪送别\臨溪送别__juan_01.txt	scrape_output\clean\南齊\臨溪送别\臨溪送别__juan_01.txt	134	90	0
南齊	1188146	與僕射徐勉書薦沈峻	與僕射徐勉書薦沈峻	與僕射徐勉書薦沈峻	1	scrape_output\raw\南齊\與僕射徐勉書薦沈峻\與僕射徐勉書薦沈峻__juan_01.txt	scrape_output\clean\南齊\與僕射徐勉書薦沈峻\與僕射徐勉書薦沈峻__juan_01.txt	302	251	0
南齊	1045815	與周顒論釋法寵書	與周顒論釋法寵書	與周顒論釋法寵書	1	scrape_output\raw\南齊\與周顒論釋法寵書\與周顒論釋法寵書__juan_01.txt	scrape_output\clean\南齊\與周顒論釋法寵書\與周顒論釋法寵書__juan_01.txt	160	116	0
南齊	1045805	與從叔永書	與從叔永書	與從叔永書	1	scrape_output\raw\南齊\與從叔永書\與從叔永書__juan_01.txt	scrape_output\clean\南齊\與從叔永書\與從叔永書__juan_01.txt	233	189	0
南齊	1045809	與從弟瓌書	與從弟瓌書	與從弟瓌書	1	scrape_output\raw\南齊\與從弟瓌書\與從弟瓌書__juan_01.txt	scrape_output\clean\南齊\與從弟瓌書\與從弟瓌書__juan_01.txt	171	127	0
南齊	1047376	與江水曹至干濵戲	與江水曹至干濵戲	與江水曹至干濵戲	1	scrape_output\raw\南齊\與江水曹至干濵戲\與江水曹至干濵戲__juan_01.txt	scrape_output\clean\南齊\與江水曹至干濵戲\與江水曹至干濵戲__juan_01.txt	136	92	0
南齊	1045807	與王僧䖍書	與王僧䖍書	與王僧䖍書	1	scrape_output\raw\南齊\與王僧䖍書\與王僧䖍書__juan_01.txt	scrape_output\clean\南齊\與王僧䖍書\與王僧䖍書__juan_01.txt	169	125	0
南齊	1045803	與豫章王嶷箋	與豫章王嶷箋	與豫章王嶷箋	1	scrape_output\raw\南齊\與豫章王嶷箋\與豫章王嶷箋__juan_01.txt	scrape_output\clean\南齊\與豫章王嶷箋\與豫章王嶷箋__juan_01.txt	370	324	0
南齊	876622	菊賦 (卞伯玉)	菊賦 (卞伯玉)	菊賦 (卞伯玉)	1	scrape_output\raw\南齊\菊賦 (卞伯玉)\菊賦 (卞伯玉)__juan_01.txt	scrape_output\clean\南齊\菊賦 (卞伯玉)\菊賦 (卞伯玉)__juan_01.txt	149	105	0
南齊	1047388	落日同何儀曹煦	落日同何儀曹煦	落日同何儀曹煦	1	scrape_output\raw\南齊\落日同何儀曹煦\落日同何儀曹煦__juan_01.txt	scrape_output\clean\南齊\落日同何儀曹煦\落日同何儀曹煦__juan_01.txt	134	90	0
南齊	1047284	落日悵望	落日悵望	落日悵望	1	scrape_output\raw\南齊\落日悵望\落日悵望__juan_01.txt	scrape_output\clean\南齊\落日悵望\落日悵望__juan_01.txt	176	132	0
南齊	1046402	蒲生行	蒲生行	蒲生行	1	scrape_output\raw\南齊\蒲生行\蒲生行__juan_01.txt	scrape_output\clean\南齊\蒲生行\蒲生行__juan_01.txt	148	104	0
南齊	1045827	蕭史曲	蕭史曲	蕭史曲	1	scrape_output\raw\南齊\蕭史曲\蕭史曲__juan_01.txt	scrape_output\clean\南齊\蕭史曲\蕭史曲__juan_01.txt	106	62	0
南齊	177968	薦杜京產表	薦杜京產表	薦杜京產表	1	scrape_output\raw\南齊\薦杜京產表\薦杜京產表__juan_01.txt	scrape_output\clean\南齊\薦杜京產表\薦杜京產表__juan_01.txt	291	246	0
南齊	1188151	蠡杯銘	蠡杯銘	蠡杯銘	1	scrape_output\raw\南齊\蠡杯銘\蠡杯銘__juan_01.txt	scrape_output\clean\南齊\蠡杯銘\蠡杯銘__juan_01.txt	135	89	0
南齊	1045856	褚先生伯玉碑	褚先生伯玉碑	褚先生伯玉碑	1	scrape_output\raw\南齊\褚先生伯玉碑\褚先生伯玉碑__juan_01.txt	scrape_output\clean\南齊\褚先生伯玉碑\褚先生伯玉碑__juan_01.txt	385	341	0
南齊	55760	褚氏遺書	褚氏遺書	褚氏遺書	1	scrape_output\raw\南齊\褚氏遺書\褚氏遺書__juan_01.txt	scrape_output\clean\南齊\褚氏遺書\褚氏遺書__juan_01.txt	5276	5183	0
南齊	1047261	觀朝雨	觀朝雨	觀朝雨	1	scrape_output\raw\南齊\觀朝雨\觀朝雨__juan_01.txt	scrape_output\clean\南齊\觀朝雨\觀朝雨__juan_01.txt	190	146	0
南齊	1047402	詠兎絲	詠兎絲	詠兎絲	1	scrape_output\raw\南齊\詠兎絲\詠兎絲__juan_01.txt	scrape_output\clean\南齊\詠兎絲\詠兎絲__juan_01.txt	134	90	0
南齊	1047420	詠牆北梔子	詠牆北梔子	詠牆北梔子	1	scrape_output\raw\南齊\詠牆北梔子\詠牆北梔子__juan_01.txt	scrape_output\clean\南齊\詠牆北梔子\詠牆北梔子__juan_01.txt	162	118	0
南齊	1047416	詠竹 (謝朓)	詠竹 (謝朓)	詠竹 (謝朓)	1	scrape_output\raw\南齊\詠竹 (謝朓)\詠竹 (謝朓)__juan_01.txt	scrape_output\clean\南齊\詠竹 (謝朓)\詠竹 (謝朓)__juan_01.txt	148	104	0
南齊	14222	詠竹火籠	詠竹火籠	詠竹火籠	1	scrape_output\raw\南齊\詠竹火籠\詠竹火籠__juan_01.txt	scrape_output\clean\南齊\詠竹火籠\詠竹火籠__juan_01.txt	134	90	0
南齊	1047418	詠落梅	詠落梅	詠落梅	1	scrape_output\raw\南齊\詠落梅\詠落梅__juan_01.txt	scrape_output\clean\南齊\詠落梅\詠落梅__juan_01.txt	148	104	0
南齊	1047394	詠蒲	詠蒲	詠蒲	1	scrape_output\raw\南齊\詠蒲\詠蒲__juan_01.txt	scrape_output\clean\南齊\詠蒲\詠蒲__juan_01.txt	134	90	0
南齊	1047392	詠薔薇 (謝朓)	詠薔薇 (謝朓)	詠薔薇 (謝朓)	1	scrape_output\raw\南齊\詠薔薇 (謝朓)\詠薔薇 (謝朓)__juan_01.txt	scrape_output\clean\南齊\詠薔薇 (謝朓)\詠薔薇 (謝朓)__juan_01.txt	134	90	0
南齊	1046406	詠邯鄲才人嫁為厮飬卒婦	詠邯鄲才人嫁為厮飬卒婦	詠邯鄲才人嫁為厮飬卒婦	1	scrape_output\raw\南齊\詠邯鄲才人嫁為厮飬卒婦\詠邯鄲才人嫁為厮飬卒婦__juan_01.txt	scrape_output\clean\南齊\詠邯鄲才人嫁為厮飬卒婦\詠邯鄲才人嫁為厮飬卒婦__juan_01.txt	148	104	0
南齊	1047414	詠風 (謝朓)	詠風 (謝朓)	詠風 (謝朓)	1	scrape_output\raw\南齊\詠風 (謝朓)\詠風 (謝朓)__juan_01.txt	scrape_output\clean\南齊\詠風 (謝朓)\詠風 (謝朓)__juan_01.txt	148	104	0
南齊	1047422	詠鸂鶒	詠鸂鶒	詠鸂鶒	1	scrape_output\raw\南齊\詠鸂鶒\詠鸂鶒__juan_01.txt	scrape_output\clean\南齊\詠鸂鶒\詠鸂鶒__juan_01.txt	106	62	0
南齊	1188155	請雨賽蔣王文	請雨賽蔣王文	請雨賽蔣王文	1	scrape_output\raw\南齊\請雨賽蔣王文\請雨賽蔣王文__juan_01.txt	scrape_output\clean\南齊\請雨賽蔣王文\請雨賽蔣王文__juan_01.txt	204	158	0
南齊	60592	論書 (王僧虔)	論書 (王僧虔)	論書 (王僧虔)	1	scrape_output\raw\南齊\論書 (王僧虔)\論書 (王僧虔)__juan_01.txt	scrape_output\clean\南齊\論書 (王僧虔)\論書 (王僧虔)__juan_01.txt	1073	1029	0
南齊	1047438	謝宣城集	謝宣城集	謝宣城集	1	scrape_output\raw\南齊\謝宣城集\謝宣城集__juan_01.txt	scrape_output\clean\南齊\謝宣城集\謝宣城集__juan_01.txt	23571	20409	0
南齊	1188144	謝敕使行江州事啟	謝敕使行江州事啟	謝敕使行江州事啟	1	scrape_output\raw\南齊\謝敕使行江州事啟\謝敕使行江州事啟__juan_01.txt	scrape_output\clean\南齊\謝敕使行江州事啟\謝敕使行江州事啟__juan_01.txt	150	104	0
南齊	1045850	謝賜生荔枝啟	謝賜生荔枝啟	謝賜生荔枝啟	1	scrape_output\raw\南齊\謝賜生荔枝啟\謝賜生荔枝啟__juan_01.txt	scrape_output\clean\南齊\謝賜生荔枝啟\謝賜生荔枝啟__juan_01.txt	114	70	0
南齊	1046173	謝隨王賜左傳啟	謝隨王賜左傳啟	謝隨王賜左傳啟	1	scrape_output\raw\南齊\謝隨王賜左傳啟\謝隨王賜左傳啟__juan_01.txt	scrape_output\clean\南齊\謝隨王賜左傳啟\謝隨王賜左傳啟__juan_01.txt	159	114	0
南齊	1046175	謝隨王賜紫梨啟	謝隨王賜紫梨啟	謝隨王賜紫梨啟	1	scrape_output\raw\南齊\謝隨王賜紫梨啟\謝隨王賜紫梨啟__juan_01.txt	scrape_output\clean\南齊\謝隨王賜紫梨啟\謝隨王賜紫梨啟__juan_01.txt	151	107	0
南齊	177965	讓詹事表	讓詹事表	讓詹事表	1	scrape_output\raw\南齊\讓詹事表\讓詹事表__juan_01.txt	scrape_output\clean\南齊\讓詹事表\讓詹事表__juan_01.txt	182	136	0
南齊	1188135	豫章王拜後赦教	豫章王拜後赦教	豫章王拜後赦教	1	scrape_output\raw\南齊\豫章王拜後赦教\豫章王拜後赦教__juan_01.txt	scrape_output\clean\南齊\豫章王拜後赦教\豫章王拜後赦教__juan_01.txt	203	157	0
南齊	1047288	賦貧民田	賦貧民田	賦貧民田	1	scrape_output\raw\南齊\賦貧民田\賦貧民田__juan_01.txt	scrape_output\clean\南齊\賦貧民田\賦貧民田__juan_01.txt	249	205	0
南齊	1188133	賦體 (陸倕)	賦體 (陸倕)	賦體 (陸倕)	1	scrape_output\raw\南齊\賦體 (陸倕)\賦體 (陸倕)__juan_01.txt	scrape_output\clean\南齊\賦體 (陸倕)\賦體 (陸倕)__juan_01.txt	158	112	0
南齊	1047286	賽敬亭山廟喜雨	賽敬亭山廟喜雨	賽敬亭山廟喜雨	1	scrape_output\raw\南齊\賽敬亭山廟喜雨\賽敬亭山廟喜雨__juan_01.txt	scrape_output\clean\南齊\賽敬亭山廟喜雨\賽敬亭山廟喜雨__juan_01.txt	232	188	0
南齊	14192	贈王主簿	贈王主簿	贈王主簿	1	scrape_output\raw\南齊\贈王主簿\贈王主簿__juan_01.txt	scrape_output\clean\南齊\贈王主簿\贈王主簿__juan_01.txt	200	156	0
南齊	205876	辭隨王子隆牋	辭隨王子隆牋	辭隨王子隆牋	1	scrape_output\raw\南齊\辭隨王子隆牋\辭隨王子隆牋__juan_01.txt	scrape_output\clean\南齊\辭隨王子隆牋\辭隨王子隆牋__juan_01.txt	431	387	0
南齊	1047370	送江兵曹檀主簿朱孝廉還上國	送江兵曹檀主簿朱孝廉還上國	送江兵曹檀主簿朱孝廉還上國	1	scrape_output\raw\南齊\送江兵曹檀主簿朱孝廉還上國\送江兵曹檀主簿朱孝廉還上國__juan_01.txt	scrape_output\clean\南齊\送江兵曹檀主簿朱孝廉還上國\送江兵曹檀主簿朱孝廉還上國__juan_01.txt	134	90	0
南齊	1047368	送江水曹還遠館	送江水曹還遠館	送江水曹還遠館	1	scrape_output\raw\南齊\送江水曹還遠館\送江水曹還遠館__juan_01.txt	scrape_output\clean\南齊\送江水曹還遠館\送江水曹還遠館__juan_01.txt	134	90	0
南齊	1045864	遊太平山	遊太平山	遊太平山	1	scrape_output\raw\南齊\遊太平山\遊太平山__juan_01.txt	scrape_output\clean\南齊\遊太平山\遊太平山__juan_01.txt	106	62	0
南齊	1047183	遊山 (謝朓)	遊山 (謝朓)	遊山 (謝朓)	1	scrape_output\raw\南齊\遊山 (謝朓)\遊山 (謝朓)__juan_01.txt	scrape_output\clean\南齊\遊山 (謝朓)\遊山 (謝朓)__juan_01.txt	288	244	0
南齊	1045953	遊後園賦	遊後園賦	遊後園賦	1	scrape_output\raw\南齊\遊後園賦\遊後園賦__juan_01.txt	scrape_output\clean\南齊\遊後園賦\遊後園賦__juan_01.txt	290	246	0
南齊	1047185	遊敬亭山	遊敬亭山	遊敬亭山	1	scrape_output\raw\南齊\遊敬亭山\遊敬亭山__juan_01.txt	scrape_output\clean\南齊\遊敬亭山\遊敬亭山__juan_01.txt	218	174	0
南齊	1047404	遊東堂詠桐	遊東堂詠桐	遊東堂詠桐	1	scrape_output\raw\南齊\遊東堂詠桐\遊東堂詠桐__juan_01.txt	scrape_output\clean\南齊\遊東堂詠桐\遊東堂詠桐__juan_01.txt	134	90	0
南齊	1188142	遷吏部郎啟	遷吏部郎啟	遷吏部郎啟	1	scrape_output\raw\南齊\遷吏部郎啟\遷吏部郎啟__juan_01.txt	scrape_output\clean\南齊\遷吏部郎啟\遷吏部郎啟__juan_01.txt	163	117	0
南齊	1047426	還塗臨渚	還塗臨渚	還塗臨渚	1	scrape_output\raw\南齊\還塗臨渚\還塗臨渚__juan_01.txt	scrape_output\clean\南齊\還塗臨渚\還塗臨渚__juan_01.txt	186	136	0
南齊	1047202	郡內高齋閒望答呂法曹	郡內高齋閒望答呂法曹	郡內高齋閒望答呂法曹	1	scrape_output\raw\南齊\郡內高齋閒望答呂法曹\郡內高齋閒望答呂法曹__juan_01.txt	scrape_output\clean\南齊\郡內高齋閒望答呂法曹\郡內高齋閒望答呂法曹__juan_01.txt	176	132	0
南齊	1045949	酬德賦	酬德賦	酬德賦	1	scrape_output\raw\南齊\酬德賦\酬德賦__juan_01.txt	scrape_output\clean\南齊\酬德賦\酬德賦__juan_01.txt	1262	1217	0
南齊	1047200	酬晉安王德元	酬晉安王德元	酬晉安王德元	1	scrape_output\raw\南齊\酬晉安王德元\酬晉安王德元__juan_01.txt	scrape_output\clean\南齊\酬晉安王德元\酬晉安王德元__juan_01.txt	162	118	0
南齊	1188154	釋奠祭孔子文	釋奠祭孔子文	釋奠祭孔子文	1	scrape_output\raw\南齊\釋奠祭孔子文\釋奠祭孔子文__juan_01.txt	scrape_output\clean\南齊\釋奠祭孔子文\釋奠祭孔子文__juan_01.txt	155	109	0
南齊	1045813	重答張長史書	重答張長史書	重答張長史書	1	scrape_output\raw\南齊\重答張長史書\重答張長史書__juan_01.txt	scrape_output\clean\南齊\重答張長史書\重答張長史書__juan_01.txt	1988	1942	0
南齊	1046096	野鶩賦	野鶩賦	野鶩賦	1	scrape_output\raw\南齊\野鶩賦\野鶩賦__juan_01.txt	scrape_output\clean\南齊\野鶩賦\野鶩賦__juan_01.txt	222	178	0
南齊	14919	金谷聚	金谷聚	金谷聚	1	scrape_output\raw\南齊\金谷聚\金谷聚__juan_01.txt	scrape_output\clean\南齊\金谷聚\金谷聚__juan_01.txt	106	62	0
南齊	1047154	銅爵臺同謝諮議賦	銅爵臺同謝諮議賦	銅爵臺同謝諮議賦	1	scrape_output\raw\南齊\銅爵臺同謝諮議賦\銅爵臺同謝諮議賦__juan_01.txt	scrape_output\clean\南齊\銅爵臺同謝諮議賦\銅爵臺同謝諮議賦__juan_01.txt	134	90	0
南齊	1047174	銅雀悲	銅雀悲	銅雀悲	1	scrape_output\raw\南齊\銅雀悲\銅雀悲__juan_01.txt	scrape_output\clean\南齊\銅雀悲\銅雀悲__juan_01.txt	106	62	0
南齊	14200	鏡臺	鏡臺	鏡臺	1	scrape_output\raw\南齊\鏡臺\鏡臺__juan_01.txt	scrape_output\clean\南齊\鏡臺\鏡臺__juan_01.txt	134	90	0
南齊	1045817	門論	門論	門論	1	scrape_output\raw\南齊\門論\門論__juan_01.txt	scrape_output\clean\南齊\門論\門論__juan_01.txt	405	361	0
南齊	1047430	閒坐	閒坐	閒坐	1	scrape_output\raw\南齊\閒坐\閒坐__juan_01.txt	scrape_output\clean\南齊\閒坐\閒坐__juan_01.txt	221	169	0
南齊	1047424	阻雪連句遥贈和	阻雪連句遥贈和	阻雪連句遥贈和	1	scrape_output\raw\南齊\阻雪連句遥贈和\阻雪連句遥贈和__juan_01.txt	scrape_output\clean\南齊\阻雪連句遥贈和\阻雪連句遥贈和__juan_01.txt	337	278	0
南齊	1188141	除詹事讓表	除詹事讓表	除詹事讓表	1	scrape_output\raw\南齊\除詹事讓表\除詹事讓表__juan_01.txt	scrape_output\clean\南齊\除詹事讓表\除詹事讓表__juan_01.txt	206	160	0
南齊	1188174	陸太常集	陸太常集	陸太常集	1	scrape_output\raw\南齊\陸太常集\陸太常集__juan_01.txt	scrape_output\clean\南齊\陸太常集\陸太常集__juan_01.txt	7132	7035	0
南齊	1046398	隋王鼓吹曲十首	隋王鼓吹曲十首	隋王鼓吹曲十首	1	scrape_output\raw\南齊\隋王鼓吹曲十首\隋王鼓吹曲十首__juan_01.txt	scrape_output\clean\南齊\隋王鼓吹曲十首\隋王鼓吹曲十首__juan_01.txt	828	784	0
南齊	1047441	隨王鼔吹曲十首	隨王鼔吹曲十首	隨王鼔吹曲十首	1	scrape_output\raw\南齊\隨王鼔吹曲十首\隨王鼔吹曲十首__juan_01.txt	scrape_output\clean\南齊\隨王鼔吹曲十首\隨王鼔吹曲十首__juan_01.txt	828	784	0
南齊	1047382	離夜同江丞王常侍作	離夜同江丞王常侍作	離夜同江丞王常侍作	1	scrape_output\raw\南齊\離夜同江丞王常侍作\離夜同江丞王常侍作__juan_01.txt	scrape_output\clean\南齊\離夜同江丞王常侍作\離夜同江丞王常侍作__juan_01.txt	134	90	0
南齊	1045819	難張長史門論書	難張長史門論書	難張長史門論書	1	scrape_output\raw\南齊\難張長史門論書\難張長史門論書__juan_01.txt	scrape_output\clean\南齊\難張長史門論書\難張長史門論書__juan_01.txt	964	920	0
南齊	169457	食珍錄	食珍錄	食珍錄	1	scrape_output\raw\南齊\食珍錄\食珍錄__juan_01.txt	scrape_output\clean\南齊\食珍錄\食珍錄__juan_01.txt	294	294	0
南齊	1046092	高松賦 (謝朓)	高松賦 (謝朓)	高松賦 (謝朓)	1	scrape_output\raw\南齊\高松賦 (謝朓)\高松賦 (謝朓)__juan_01.txt	scrape_output\clean\南齊\高松賦 (謝朓)\高松賦 (謝朓)__juan_01.txt	501	457	0
南齊	1047280	高齋視事	高齋視事	高齋視事	1	scrape_output\raw\南齊\高齋視事\高齋視事__juan_01.txt	scrape_output\clean\南齊\高齋視事\高齋視事__juan_01.txt	162	118	0
南齊	1046388	鬱林王墓銘	鬱林王墓銘	鬱林王墓銘	1	scrape_output\raw\南齊\鬱林王墓銘\鬱林王墓銘__juan_01.txt	scrape_output\clean\南齊\鬱林王墓銘\鬱林王墓銘__juan_01.txt	110	66	0
南齊	1047077	鼔吹曲二首	鼔吹曲二首	鼔吹曲二首	1	scrape_output\raw\南齊\鼔吹曲二首\鼔吹曲二首__juan_01.txt	scrape_output\clean\南齊\鼔吹曲二首\鼔吹曲二首__juan_01.txt	201	157	0
南齊	23597	齊敬皇后哀策文	齊敬皇后哀策文	齊敬皇后哀策文	1	scrape_output\raw\南齊\齊敬皇后哀策文\齊敬皇后哀策文__juan_01.txt	scrape_output\clean\南齊\齊敬皇后哀策文\齊敬皇后哀策文__juan_01.txt	705	661	0
南齊	1046181	齊明皇帝謚冊文	齊明皇帝謚冊文	齊明皇帝謚冊文	1	scrape_output\raw\南齊\齊明皇帝謚冊文\齊明皇帝謚冊文__juan_01.txt	scrape_output\clean\南齊\齊明皇帝謚冊文\齊明皇帝謚冊文__juan_01.txt	385	341	0
南齊	1046396	齊雩祭歌八首	齊雩祭歌八首	齊雩祭歌八首	1	scrape_output\raw\南齊\齊雩祭歌八首\齊雩祭歌八首__juan_01.txt	scrape_output\clean\南齊\齊雩祭歌八首\齊雩祭歌八首__juan_01.txt	893	848	0
