# WFG-derived Kangxi character conversion. Explicit redirects, unambiguous alias-only forms, and variant-only headword entries; ambiguous/polysemous relations omitted.
㐅	五
㐡	懦
㐰	信
㐴	攀
㑘	价
㑤	媌
㑱	𧳨
㑴	侵
㑽	傏
㒆	翕
㒋	厮
㒌	煢
㒖	藕
㒞	儁
㒧	儷
㒪	錫
㒲	財
㔜	勃
㔭	匙
㔺	世
㔽	卣
㕖	素
㕤	叴
㖁	吝
㖒	嗁
㖗	崟
㖣	咅
㖸	噱
㗄	謾
㗛	笑
㗜	齅
㗳	塔
㗶	𠷑
㘅	銜
㘕	嚂
㘸	坐
㘹	垐
㘺	垡
㙄	陛
㙅	保
㙉	腆
㙒	野
㙕	塊
㙲	壅
㙵	臺
㙶	堂
㙸	墣
㙻	廛
㙼	壘
㚌	夥
㚐	套
㚣	姣
㚮	妉
㚰	胚
㚳	妿
㚷	嬭
㚺	孕
㛔	妦
㛛	娠
㛰	婚
㛽	姍
㜛	媆
㜜	嫯
㜧	𡡕
㜪	𡣎
㜫	媄
㜲	𡣍
㜴	瞢
㜻	孌
㜼	姪
㜾	孩
㝑	旁
㝖	宜
㝦	寯
㝧	穩
㝿	跛
㞙	尿
㞫	走
㞹	岢
㟔	㟏
㟝	培
㟞	嶘
㟧	崿
㟩	岷
㟴	嵬
㟵	𡶬
㠁	嵾
㠎	㠍
㠖	嶬
㠝	巑
㠪	巨
㠯	以
㠻	希
㡐	𢃬
㡛	㡃
㡠	幀
㡢	幔
㡳	底
㢆	廛
㢕	廱
㢡	獎
㢣	擎
㢧	卷
㢬	彋
㢮	弛
㢶	弼
㢼	彆
㢽	餌
㣃	鬻
㣉	工
㣐	𢒟
㣘	跔
㣠	佟
㣦	逶
㣲	微
㣼	忍
㤐	怗
㤛	恁
㤤	㥚
㤪	怨
㤵	慈
㥁	悳
㥃	𢛀
㥍	惎
㥤	矜
㥵	慁
㥺	熆
㦞	懤
㦨	懶
㦾	扅
㧧	梳
㧨	扏
㩗	攜
㪟	敦
㪰	齋
㪸	斟
㫀	鼎
㫁	斷
㫑	旨
㫔	艮
㫕	光
㫡	冬
㫧	暴
㫩	春
㫳	晨
㬐	鄑
㬞	暍
㬠	曬
㬡	𣌟
㬩	暳
㭻	棠
㮋	栯
㮌	棉
㮍	椾
㮎	杯
㮳	栚
㮴	𣔱
㮵	栴
㮸	送
㯀	𣒀
㯇	梐
㯈	樕
㯉	樗
㯍	槳
㯓	榻
㯖	㭙
㯣	棻
㯦	棊
㯪	櫺
㰄	𣚙
㰅	樀
㰆	𩋂
㰈	𮟝
㰉	榛
㰕	𣟵
㰖	欖
㰙	橠
㰱	歃
㱉	㗼
㱘	魘
㱜	𣧖
㲇	鼕
㲎	氀
㲙	𣮯
㲜	毯
㲣	𣮬
㲱	𣰫
㳃	淬
㳙	涓
㳤	淑
㳮	尿
㳺	游
㴃	淚
㴉	濟
㴩	灉
㴴	湛
㴾	渤
㵄	漢
㵏	漼
㵓	湜
㵕	滲
㶈	濙
㶜	淵
㶤	炒
㶨	炋
㶵	飪
㷊	焚
㷑	煙
㷔	焰
㷻	無
㸁	熯
㸂	燧
㸄	齌
㸉	𤏻
㸕	攫
㸘	萬
㸱	㸰
㹷	狶
㹸	貌
㺀	猱
㺫	玌
㺲	鈕
㺳	玫
㻁	瓌
㻄	寶
㻊	璊
㻋	㻝
㻎	瑟
㻧	𤧮
㻫	珌
㻭	璱
㻮	璨
㼇	瓗
㼙	甃
㼼	瓢
㽖	畱
㽙	允
㽜	畹
㽣	域
㽭	𤲬
㽮	星
㽯	畦
㽵	莊
㽸	瘎
㾆	𤴿
㾌	癬
㾡	𤷽
㿋	瘙
㿍	疥
㿏	𤸷
㿞	耄
㿵	𥀫
㿼	㿼
䀎	眄
䀑	𥄗
䀘	䀘
䀟	𥄱
䁁	䀶
䁉	䁈
䁦	覰
䁹	睤
䂝	矺
䂞	柘
䂡	砥
䂯	𥑰
䂲	砝
䃣	䃣
䃩	硇
䄒	稔
䄕	社
䄥	𥜧
䄺	稊
䅇	粟
䅒	𥝕
䅠	稊
䆈	稺
䆐	國
䆠	宦
䆥	䆤
䇲	筴
䈤	鉗
䉼	料
䊀	䉿
䊑	餉
䊒	精
䊛	𥻦
䊸	紆
䋄	網
䋕	絍
䋜	綮
䌉	綱
䌧	紬
䌫	纜
䍋	𦉈
䍩	養
䍭	牂
䎝	翥
䎣	耜
䏀	𦖨
䏂	𦖪
䏊	聾
䏋	肅
䏛	𦚧
䏢	𤿚
䏥	𦙇
䏸	䐳
䐌	腆
䐡	臍
䑅	𦢧
䑑	僕
䑓	臺
䑚	甛
䑧	䒀
䑨	舵
䑭	𦨢
䒃	艁
䒗	芞
䒝	𦺔
䒣	苒
䓗	蔥
䓯	𦺇
䓷	荇
䓹	饐
䓿	菡
䔖	蔆
䔘	𧃘
䔜	𦶈
䔵	葌
䕌	穉
䕖	蓀
䕙	𦿐
䕚	蕢
䕤	蘄
䕴	𧂒
䖈	虐
䖉	𧆜
䖠	蚖
䖥	蟊
䗑	𧐔
䗕	蜿
䗫	蟆
䗬	蜂
䗶	蠟
䗹	蛓
䘇	蚊
䘊	蠛
䘑	脉
䘜	巾
䘱	裕
䙗	𧝐
䙚	褭
䙛	袞
䚲	訕
䛐	詞
䛕	諛
䛛	詯
䛜	訊
䜄	謘
䜛	讒
䜟	讖
䜵	豉
䜻	豉
䝊	𧲌
䝴	齎
䝺	貫
䞣	𧻀
䞼	𥨥
䟌	𧾢
䟎	趲
䟖	趾
䟢	跈
䟦	跋
䠮	騰
䠶	射
䠹	骸
䡋	軝
䡕	𨋬
䡼	軨
䢒	交
䢟	由
䢦	帥
䢪	橇
䢬	遷
䢶	邦
䣈	巷
䣑	𠪨
䣠	䣟
䣲	𨠒
䣴	酗
䤛	釚
䤜	鈍
䤟	鈂
䤨	釽
䤸	鏦
䥅	琴
䥆	琴
䥕	鐅
䥚	初
䥣	鑿
䥧	璿
䥬	鑮
䦇	髻
䦞	閏
䦟	穩
䦦	琴
䧍	隙
䧕	域
䧣	陻
䧺	雄
䨀	糴
䨉	鸚
䨋	虐
䨎	霐
䨖	霽
䨡	𩄙
䨦	雱
䨪	霾
䨫	霢
䨭	霄
䨯	𩄛
䩑	鞃
䩘	䩚
䩦	鞗
䪇	𩍿
䪘	韙
䫙	顙
䫝	馥
䫫	髏
䫰	𩕔
䫱	顬
䫵	𩕰
䬃	颯
䬗	颺
䬙	颻
䬚	颿
䬢	饕
䬥	饐
䬩	齋
䬪	餺
䬭	饕
䬮	飴
䭌	餬
䭛	饏
䭣	餈
䭥	䭐
䭦	餺
䭫	𩠜
䭯	馞
䭶	騏
䭼	騏
䭽	羣
䮀	𩣡
䮁	騈
䮆	駓
䮇	驈
䮈	馳
䮋	𩢾
䮌	𩢮
䮛	駙
䮯	驁
䮲	騜
䯝	𩪦
䯯	髿
䯳	鬆
䰋	鬘
䰑	䰅
䰔	䰉
䰟	魂
䰨	鬽
䰭	䰰
䰿	鮀
䱆	鱦
䱈	鮨
䱖	鰡
䱳	鱣
䱶	𩷕
䲋	𩻛
䲍	鰧
䲴	鴆
䲵	雀
䲸	𩾴
䳈	鴇
䳊	䳁
䳌	鵑
䳗	鵝
䳘	鵝
䳡	鵻
䳢	鶀
䳧	𪃶
䳱	鶩
䳶	鸂
䴋	䴉
䴫	𪋪
䵄	麷
䵆	䴿
䵉	𠐙
䵛	䵖
䶉	𪕚
䶤	𩪲
丅	下
丸	𠁽
乆	久
么	幺
乢	蓋
乨	始
乱	亂
乹	乾
仃	㣔
仧	長
仮	反
仾	低
伖	帑
伭	𠆺
佄	酣
佱	法
併	倂
侌	陰
侽	男
俞	兪
俲	傚
俻	備
俼	鬻
倈	徠
倎	腆
倐	倏
偀	英
偋	𠌸
傫	儽
傯	偬
僃	備
僠	番
僡	惠
僫	惡
僼	㒥
儍	傻
儘	盡
免	免
兎	兔
兔	兔
兘	始
兲	天
冊	𠕁
冐	冒
冗	宂
决	決
凲	𡰉
凴	凭
刉	刏
剙	刱
劚	斸
卛	率
却	卻
厵	源
叀	專
収	收
吣	吢
吩	噴
呋	趺
呩	嗜
咁	嗛
咊	和
咟	㗲
咪	咩
唃	唂
唽	𠴭
啔	啓
啺	唐
喎	咼
喨	哴
嗎	罵
嗶	咇
嘩	譁
嘱	囑
噄	喫
噓	嘘
噕	噅
噾	喑
嚉	咄
嚞	哲
嚯	謔
囇	㘑
囙	因
囡	㘝
囯	國
囶	國
囼	胎
圗	圖
在	𡉈
坃	壎
坓	型
坔	地
坕	經
坘	坻
坣	堂
坮	臺
坵	丘
垜	垛
垦	垠
垧	响
垨	守
埀	垂
埞	堤
堢	堡
堺	界
堾	踳
塖	塍
塚	冢
塟	葬
塡	填
塤	壎
塲	場
墢	坺
墤	塊
墧	塙
墪	墩
墯	𫻃
墵	墰
墻	牆
壀	埤
壍	塹
壜	墰
壦	壎
夈	齋
夠	够
夣	夢
妍	姸
妚	胚
妛	媸
妬	妒
姊	姉
姌	㚩
姢	娟
姧	姦
娂	妅
娔	𡞢
娤	妝
娦	嬪
娬	嫵
娰	姒
娹	婱
娼	倡
婀	娿
婙	婧
婣	姻
婾	媮
婿	壻
媅	妉
媇	親
媍	婦
媤	㚸
嫻	嫺
嬊	嬿
嬔	嬎
嬝	嫋
嬱	㜞
孄	嬾
孆	嬰
孉	婘
孹	擘
孽	孼
寳	寶
尅	剋
尓	𡭗
尘	塵
尞	燎
尫	尣
尶	尲
屏	屛
属	屬
岞	岝
岺	岭
峩	峨
峰	峯
崈	崇
崑	崐
崗	𡶬
崙	崘
嵇	嵆
嵓	嵒
嵮	嵮
嵳	嵯
嵸	嵷
嶄	嶃
嶫	嶪
嶹	島
巗	巖
巩	𢀜
币	印
帋	紙
帡	帲
帺	𢃛
幇	幫
幒	𢃓
床	牀
庙	廟
庺	松
庽	寓
廐	廏
弌	一
弍	二
弎	三
弥	彌
弻	弼
徏	陟
徣	借
忟	忞
忰	悴
忷	恟
怸	悉
恋	戀
恒	恆
恡	悋
恱	悅
恴	德
悏	㤲
悡	㥎
您	你
悶	𢛀
悺	悹
惒	和
愑	悀
愡	憁
慤	愨
慩	㦁
慭	憖
慰	𢟬
慿	憑
憜	惰
憯	憯
懵	懜
懿	㦤
戅	戇
戝	賊
戞	戛
戱	戲
扦	𫾔
扵	於
抅	拘
抙	捊
抚	撫
拞	抵
拼	拼
拿	拏
挆	挅
挊	弄
挲	挱
挿	插
捴	摠
揅	揅
揶	捓
携	攜
搼	拳
擵	摩
攑	㩮
敚	敓
斋	齋
斚	斝
斵	斲
旘	幟
既	旣
旮	旭
昗	昃
昘	訪
昚	愼
昸	冬
晋	㬜
晒	曬
朙	明
朶	朵
枀	松
枞	樅
枽	枼
某	𭩱
柾	柩
柿	枾
栟	栟
栢	柏
栣	栠
桒	桑
桘	槌
梄	槱
梦	夢
梨	棃
棕	椶
椰	㭨
楋	㯿
楍	本
楡	榆
楤	棇
楦	楥
楧	柍
楳	梅
榎	檟
榜	㮄
榟	梓
榢	架
榴	橊
槁	槀
槒	慉
槨	椁
槪	概
樐	櫓
樶	𣖱
樼	榛
橁	杶
橅	模
橜	橛
櫀	棊
櫁	樒
櫄	杶
櫏	𣘝
櫒	𣘤
櫕	欑
櫽	檃
欤	歟
欵	款
歨	步
歺	𣦵
殁	歿
殼	㱿
毘	毗
毺	毹
氷	冰
氼	㲻
汹	洶
沉	沈
沲	沱
泈	汷
泪	淚
洜	洛
洤	泉
浱	漘
涱	漲
湙	㴒
湬	湫
溈	潙
溬	㳾
溸	㴑
漋	湰
漧	乾
潜	潛
潴	瀦
潹	潺
澁	澀
澑	溜
澷	漫
濽	灒
瀐	瀸
瀒	澀
瀥	滈
灊	灊
灔	灎
灧	灩
灲	灱
灻	赤
灾	災
炗	灮
炛	炚
炨	炧
炲	炱
為	爲
烣	恢
烾	赤
焏	亟
煕	熙
煭	烈
煺	㷟
燁	𤍞
燳	照
爕	燮
爴	𤔩
犾	㹜
猪	豬
玄	𤣥
玺	璽
珁	瓷
珎	珍
珪	圭
琝	玟
瑘	琊
瑠	璢
瑯	琅
瑱	瑱
璖	𤦲
璝	瑰
璟	璄
瓉	瓚
瓶	甁
甜	甛
甦	𤯳
畂	㙀
畆	畮
畍	界
留	畱
畭	畬
畵	畫
疊	𤴁
疎	疏
疞	㽳
疩	瘁
疷	疧
瘤	癅
癮	𤻘
癵	𤼙
皂	皁
皊	𤿅
皍	卽
皐	皋
皣	𤾴
皥	皞
皨	星
皶	皻
皷	鼓
盃	杯
盕	䀀
盖	蓋
盽	䀱
真	眞
眦	眥
眫	眯
眿	眽
睥	睤
睻	䁔
瞩	矚
矅	𥌺
矒	𥊃
矵	砌
砈	砨
砒	磇
砤	砣
砶	珀
碈	䃉
碍	礙
碢	砣
磌	磌
磱	𥒪
磸	矴
礟	礮
祮	祰
祶	禘
禀	稟
禞	祰
禩	祀
稿	稾
穊	穊
穤	稬
穪	稱
窓	窻
竸	𥪰
筞	策
箳	簈
篭	籠
粇	糠
粚	黐
粛	肅
粜	糶
糛	糖
糥	糯
紣	綷
綂	統
纉	纘
纎	纖
纒	纏
羕	𦍛
群	羣
翆	翠
耻	恥
聃	耼
聦	聰
肹	肸
肻	肯
胢	䯊
胸	胷
脆	脃
脇	脅
腗	脾
腭	齶
腮	顋
膓	腸
臋	臀
臰	臭
舀	𦥝
舉	𦦙
舕	𦧡
舘	館
舤	𬜒
艊	舶
艪	艣
艶	豓
芁	𦫶
芌	芋
芲	花
苿	菋
茊	茲
茡	芓
荆	荊
荔	茘
莾	莽
菱	蔆
菷	帚
萂	䒩
萔	苕
萕	薺
葢	蓋
蒕	蒀
蒞	莅
蒭	芻
蒷	蕓
蔳	蒨
蕋	蕊
蕐	華
蕚	萼
蕟	䕠
蕿	萱
薑	𧅁
薗	園
薳	𨘏
藌	蔤
藡	荻
藮	樵
藱	回
蘍	薰
蘝	蘞
虊	䖂
虗	虛
虦	虥
虵	蛇
蚈	蚈
蚉	蚊
蚏	蚎
蚺	蚦
蛊	蠱
蛢	蛢
蛽	貝
蝄	𧍑
蝹	蝹
螂	蜋
螆	蛓
螋	䗏
螎	融
螡	蚊
蠎	蟒
蠧	蠹
蠺	蠶
衛	衞
衟	道
袡	袇
裭	褫
裵	裴
褅	𧝐
褒	襃
襥	襆
覇	霸
覐	覺
覧	覽
觽	觿
詸	謎
誝	𧫥
誼	𧧼
諬	啓
謊	詤
謩	謨
謭	譾
譋	讕
讃	讚
讐	讎
豔	豓
豙	𧱏
豜	豣
賫	齎
贜	贓
赼	趑
趦	趑
趼	趼
踋	脚
蹰	躕
躭	耽
躰	體
躲	躱
軄	職
軰	輩
軽	輕
輙	輒
辣	辢
辳	農
迁	遷
迯	逃
递	遞
逓	遞
逰	遊
遅	遲
邎	𨙂
邹	鄒
郌	邽
郞	郎
郶	部
酔	醉
酙	斟
酧	酬
醕	醇
醙	䤇
醼	宴
醿	醾
釄	醾
釖	刀
釠	亂
釯	鋩
鈃	銒
鈈	鉟
鈎	鉤
鈓	銋
鈛	鍋
鈟	釣
鉁	珍
鉇	鉈
鉼	鉼
銲	釬
錃	𨧦
錱	珍
鍢	鍑
鍬	鍫
鍳	鑑
鎜	盤
鎠	剛
鎫	鋄
鎮	鎭
鏍	𨰠
鐒	𨦭
鐚	錏
鐞	鎒
鐩	鐆
鐮	鎌
鑒	鑑
鑚	鑽
鑜	銄
鑬	鑑
鑳	鍵
閅	門
閇	閉
間	閒
関	關
阥	陰
阦	陽
隂	陰
隣	鄰
隭	陑
隯	島
雑	雜
霚	𬰇
霛	靈
霶	滂
靌	寶
青	靑
鞂	稭
鞓	䩠
鞖	䪎
韯	韱
韵	韻
韼	韸
頥	頤
頽	頹
顛	顚
飇	飆
飬	餋
飰	飯
飱	飧
飸	饕
飼	飤
餁	飪
餅	餠
餝	飾
餿	𩜯
饄	餹
饚	餀
馿	驢
駈	驅
駞	駝
駠	駵
駢	騈
駦	騰
騌	騣
騐	驗
騔	𩢛
騘	驄
驑	騮
骫	骪
骵	體
髨	髡
髯	髥
鬒	鬒
鬔	髼
鬦	鬭
鬪	鬭
魣	鱮
鮉	鯛
鮙	鰨
鮝	鯗
鯃	𩶭
鯋	鯊
鯻	䱫
鰀	鯇
鰍	鰌
鰖	䲊
鱡	鰂
鱶	鯗
鴌	鳳
鴍	鳼
鴩	䳀
鵅	鴼
鵕	鵔
鵞	鵝
鶕	䳺
鶙	鶗
鷀	鶿
鷉	鷈
鷴	鷳
鷻	𪆃
麄	麤
麉	𪊑
麦	麥
麬	麩
麱	麩
鼃	䵷
龞	鼈
朗	朗
冷	冷
祿	祿
令	令
囹	囹
嶺	嶺
怜	怜
玲	玲
鈴	鈴
領	領
禮	禮
紐	紐
嗀	嗀
晴	晴
神	神
祥	祥
福	福
靖	靖
精	精
飯	飯
飼	飤
館	館
慨	慨
社	社
祉	祉
祈	祈
祐	祐
祖	祖
祝	祝
禍	禍
禎	禎
節	節
視	視
墳	墳
奔	奔
婢	婢
摒	摒
流	流
瀞	瀞
襁	襁
𠀇	且
𠀍	世
𠀘	天
𠀙	麗
𠀚	不
𠀠	𠔋
𠀡	天
𠀩	汀
𠀭	平
𠀯	囦
𠁡	卜
𠁤	四
𠁥	𦫳
𠁧	中
𠁩	中
𠁲	阱
𠁿	丹
𠂨	窗
𠂱	𤿙
𠂲	棗
𠂷	幸
𠂿	手
𠃁	魅
𠃄	愈
𠃋	肱
𠃏	丩
𠃐	會
𠃤	荒
𠃥	𦦙
𠃭	始
𠃰	備
𠃳	馗
𠃶	亂
𠃾	龜
𠄈	亃
𠄉	湩
𠄎	乃
𠄒	垂
𠄗	周
𠄙	爭
𠄟	下
𠄠	二
𠄡	五
𠄨	恆
𠄰	老
𠄴	靅
𠅃	亦
𠅔	克
𠅟	乘
𠅩	孰
𠅪	聒
𠅰	彘
𠆇	奧
𠆓	𠆙
𠆕	𢆣
𠆜	𪗍
𠆝	襄
𠆲	𠉬
𠆴	鬧
𠇄	笑
𠇚	甲
𠇛	佛
𠇜	施
𠇝	𠇙
𠇴	价
𠇾	休
𠇿	癶
𠈃	保
𠈇	夙
𠈉	侃
𠈍	備
𠈑	光
𠈧	役
𠈫	𠈖
𠈮	企
𠈲	佸
𠈳	辟
𠈴	癡
𠈷	俾
𠈽	伊
𠈿	役
𠉖	侔
𠉡	陟
𠉥	胤
𠉫	俇
𠉳	御
𠊋	竜
𠊌	𧦦
𠊨	僎
𠊱	候
𠊶	媵
𠊸	辟
𠊺	陰
𠊻	保
𠋑	食
𠋒	命
𠋪	宦
𠋫	候
𠋱	僁
𠋹	侚
𠌘	夏
𠌜	徯
𠌞	𫣋
𠌩	凭
𠌫	蹕
𠌬	徲
𠌯	儷
𠌳	瘸
𠌵	褭
𠌹	陟
𠌿	倢
𠍀	倲
𠍄	侸
𠍢	𠊮
𠍧	𢓯
𠍰	偫
𠍶	儒
𠍷	僰
𠍸	衆
𠍺	夏
𠎛	爽
𠎜	齡
𠎡	偭
𠎺	傀
𠎻	遁
𠎼	𠑎
𠎽	嬛
𠎾	𠐻
𠏁	化
𠏄	偵
𠏔	蹙
𠏣	籞
𠏪	㒠
𠏬	𥪁
𠏯	𠐻
𠐎	滿
𠐜	論
𠐣	憨
𠐥	億
𠑂	爾
𠑶	旡
𠑽	充
𠒃	兕
𠒅	兕
𠒰	嬲
𠒱	僻
𠓟	乏
𠓱	遇
𠓲	椉
𠓴	全
𠔈	中
𠔒	齒
𠔘	髴
𠔛	箕
𠔸	期
𠔹	晨
𠕐	𠕁
𠕑	丹
𠕒	雨
𠕗	㲋
𠕨	曁
𠕬	𡈘
𠕮	冔
𠕵	亢
𠖜	煙
𠖠	古
𠖱	冱
𠗄	𣻗
𠗱	臧
𠘇	𠘢
𠘤	冷
𠘵	夙
𠙇	夜
𠙉	始
𠙏	𠙆
𠙐	不
𠙑	夜
𠙙	冠
𠙢	蘧
𠙭	子
𠙾	葘
𠚀	葘
𠚍	𠚊
𠚎	圖
𠚒	齒
𠚗	凾
𠚙	筓
𠚛	塊
𠚬	𠚩
𠚾	砑
𠚿	鏟
𠛍	截
𠛗	刦
𠛛	割
𠛳	刻
𠛴	刹
𠜆	初
𠜗	郄
𠜥	𠜒
𠝂	眷
𠝽	疇
𠞌	剖
𠞍	吻
𠞜	䅀
𠞻	㓼
𠞽	翦
𠟆	㔆
𠟇	剩
𠟐	創
𠟖	𠟊
𠟘	𠞰
𠟯	剿
𠟿	劋
𠠅	𢆞
𠠆	劒
𠠱	刢
𠠻	𠡀
𠡓	逸
𠡠	勑
𠡫	勩
𠡹	殘
𠡼	勗
𠡽	勍
𠢭	𠢤
𠢿	㔣
𠣃	勥
𠣈	攣
𠣋	𠣊
𠣡	旬
𠣣	匄
𠣨	宜
𠣽	𠣿
𠤅	㔩
𠤋	虱
𠤗	𠤑
𠤿	𠤾
𠥂	柩
𠥋	匫
𠥗	㔳
𠥴	淦
𠥶	㔸
𠦂	夲
𠦇	亥
𠦑	叔
𠦙	支
𠦵	師
𠦶	革
𠧈	敦
𠧓	剝
𠧗	弄
𠧤	乃
𠧥	麗
𠧧	卥
𠧲	衡
𠧶	剋
𠧸	鹵
𠧺	虔
𠧽	衡
𠨂	我
𠨅	𠧟
𠨇	乘
𠨈	禼
𠨜	卼
𠨝	𠨛
𠨣	𨪐
𠩋	斥
𠩞	厚
𠩮	盾
𠪏	𠪆
𠪥	原
𠪹	甍
𠪼	𠪆
𠫎	初
𠫔	肱
𠫕	巨
𠫗	禸
𠫙	穹
𠫦	帝
𠫪	六
𠫬	幽
𠫱	齋
𠫺	年
𠬀	畜
𠬁	𡊄
𠬂	斝
𠬇	弃
𠬎	齎
𠬑	去
𠬟	厷
𠬭	怪
𠭂	𡥈
𠭆	使
𠭌	桑
𠭍	更
𠭎	啓
𠭏	事
𠭔	阪
𠭘	𠭗
𠭙	申
𠭲	揚
𠭵	壽
𠮎	巫
𠮑	鞠
𠮕	憂
𠮚	口
𠮛	旨
𠮡	只
𠮪	叫
𠮬	𠮫
𠮭	嚗
𠮲	吁
𠯉	亟
𠯊	吁
𠯍	呥
𠯕	甚
𠯚	荒
𠯝	呧
𠯞	呧
𠰆	吃
𠰗	呼
𠰝	呬
𠰲	述
𠱎	呧
𠱫	𠱪
𠱭	君
𠱱	呧
𠲰	喗
𠲲	吝
𠲳	呻
𠲸	喃
𠳅	問
𠳯	號
𠳷	呿
𠳸	嗘
𠳻	吝
𠴃	哭
𠴢	聲
𠴧	嚌
𠴬	喋
𠴮	噴
𠴴	𠯗
𠴽	吝
𠴾	㗙
𠵀	師
𠵠	𪘨
𠵡	𠱡
𠵢	赫
𠵰	嘵
𠵲	哿
𠵵	唵
𠶭	嘍
𠶲	𠷄
𠶽	𠴨
𠷆	咋
𠷌	喞
𠷔	喪
𠷜	苟
𠷝	喟
𠷸	喁
𠷻	漂
𠷼	恧
𠷽	策
𠸀	咬
𠸰	呦
𠸻	唼
𠹂	㖢
𠹉	嘗
𠹎	烋
𠹣	𠽽
𠹧	商
𠹩	羣
𠺎	駡
𠺏	啻
𠺓	嘊
𠻕	嘬
𠻛	嗾
𠻢	嘑
𠻭	壷
𠻮	嗇
𠼕	𠼚
𠼜	𪘂
𠼣	啜
𠽡	嘒
𠽢	㗘
𠽥	咽
𠽬	呢
𠽮	𠽭
𠽯	𠽭
𠽱	𠹟
𠽳	𠽲
𠽴	喘
𠽾	噴
𠽿	呱
𠾄	善
𠾅	要
𠾣	𠾬
𠾦	悲
𠾧	獸
𠾪	噮
𠾯	囂
𠾰	咽
𠿚	喋
𡀐	佇
𡀓	靈
𡁂	𡂙
𡁅	嚵
𡁒	契
𡁨	對
𡁩	韻
𡁫	𠿘
𡁬	嚚
𡁭	𠼚
𡂐	囋
𡂑	𠽲
𡂔	嘁
𡂞	囈
𡂢	嘄
𡂤	喪
𡂥	嘆
𡃨	嘻
𡃭	歌
𡃮	譸
𡄈	馨
𡄉	𤕦
𡄊	吃
𡄖	噟
𡄗	嚗
𡄛	器
𡄠	喘
𡄱	㗤
𡅖	𮊶
𡅚	嚚
𡅜	𧮔
𡅞	嚂
𡅤	囏
𡅴	嚴
𡅶	騫
𡅼	𡁈
𡆎	靦
𡆏	𡂛
𡆡	起
𡆨	良
𡆰	囤
𡆲	𡆤
𡆸	日
𡆼	淵
𡆾	冏
𡆿	國
𡇄	㘝
𡇋	囦
𡇌	回
𡇍	畫
𡇎	國
𡇔	婁
𡇗	囸
𡇘	𡆩
𡇛	直
𡇡	目
𡇣	古
𡇪	窖
𡇴	圖
𡇾	冒
𡈇	圖
𡈍	零
𡈑	國
𡈚	罪
𡈢	𡈷
𡈤	園
𡈪	滿
𡈭	獄
𡈮	圔
𡉄	聖
𡉒	坉
𡉘	封
𡉬	坻
𡉮	𠕀
𡉱	㘱
𡉲	均
𡉳	坻
𡉵	兆
𡉶	坻
𡊅	𡊄
𡊆	坻
𡊇	坻
𡊊	圯
𡊞	坪
𡊣	丘
𡊤	堋
𡊦	坸
𡊬	坑
𡊴	泥
𡋘	㘻
𡋝	垑
𡋠	堡
𡋮	墺
𡋰	堯
𡋲	坐
𡋴	峻
𡋸	墺
𡌕	堽
𡌖	坑
𡌗	院
𡌙	堆
𡌟	垓
𡌨	埤
𡍓	坻
𡍔	坼
𡍤	圼
𡍧	𡋯
𡍩	坼
𡍬	睦
𡍳	塈
𡍴	重
𡎎	壻
𡎗	𡊻
𡎱	垔
𡎵	砦
𡎶	瘞
𡎸	堇
𡏂	廛
𡏃	㙪
𡏇	地
𡏗	多
𡏲	墍
𡏶	墳
𡐉	臺
𡐎	壷
𡐐	堋
𡐕	埤
𡐟	墺
𡐡	埭
𡐢	糞
𡐾	堤
𡑂	壖
𡑇	堮
𡑉	𡐣
𡑌	𡑠
𡑏	壔
𡑞	隧
𡑟	窩
𡑢	堞
𡑺	聖
𡒂	毀
𡒆	填
𡒋	墽
𡒍	埾
𡒡	鼖
𡒤	𡒉
𡒨	𣩵
𡒰	墬
𡒲	塵
𡒼	墼
𡒽	凷
𡒾	㚀
𡓐	堮
𡓓	𡊹
𡓔	壈
𡓙	墣
𡓛	𫫽
𡓣	埻
𡓰	㚀
𡓱	壅
𡓴	𡊄
𡓵	寅
𡓶	嚚
𡓼	壑
𡔉	𡔓
𡔙	麤
𡔝	磬
𡔞	妄
𡔤	蓑
𡔬	載
𡔰	夏
𡔵	㝅
𡔶	壼
𡔷	鼓
𡕆	㦤
𡕍	壹
𡕑	儔
𡕓	齊
𡕔	夃
𡕕	學
𡕖	夆
𡕚	覺
𡕣	長
𡕩	𡕢
𡕬	𡕧
𡕯	要
𡕴	復
𡕹	要
𡕾	夏
𡖝	𡖔
𡖟	螭
𡖩	多
𡖰	移
𡖹	㗬
𡖿	夥
𡗒	夬
𡗢	夸
𡗻	㚕
𡗾	吳
𡘂	套
𡘄	𡗰
𡘉	㚕
𡘌	𡗼
𡘫	穩
𡘶	奏
𡘺	執
𡘻	衡
𡙉	衡
𡙊	眞
𡙎	皎
𡙝	韋
𡙹	奏
𡙼	彆
𡚂	彆
𡚆	𡙇
𡚈	韋
𡚌	結
𡚏	喪
𡚯	嫭
𡚺	奿
𡚼	姼
𡛍	妘
𡛎	妥
𡛐	妎
𡛒	㛑
𡛚	媩
𡛝	㛑
𡛹	粲
𡜄	媟
𡜅	㛎
𡜆	𡡕
𡜉	媣
𡜌	妻
𡜛	妻
𡜟	妊
𡜠	妦
𡜡	𡜂
𡜣	𡜪
𡜮	㛂
𡜰	婁
𡜴	妠
𡜶	姡
𡝊	娎
𡝎	奸
𡝏	𡜷
𡝞	妃
𡝟	姩
𡝠	㜷
𡝡	㜷
𡝤	婁
𡝥	媟
𡝪	婚
𡝲	𡜪
𡞐	聘
𡞑	娸
𡞓	妝
𡞡	㛍
𡞤	嫥
𡞦	惸
𡞨	娀
𡟦	娜
𡟮	媐
𡟳	㛒
𡠈	孋
𡠋	𡟪
𡠗	𡡘
𡠛	奻
𡠟	孎
𡠠	㜍
𡠷	嫟
𡠸	壻
𡡃	窱
𡡓	嬃
𡡚	媚
𡡛	盛
𡡟	惱
𡡨	𡢌
𡡹	嫳
𡡽	㜝
𡢉	嬬
𡢋	㛴
𡢛	孌
𡢯	𡡄
𡢲	嫧
𡢵	窈
𡢶	𡢕
𡢸	婘
𡣆	嫵
𡣇	瘱
𡣌	嫸
𡣐	鞉
𡣒	娖
𡣡	𡣠
𡣤	𡣊
𡣫	嫼
𡣰	嬙
𡣷	娐
𡣸	孈
𡣿	襄
𡤈	嬿
𡤏	媟
𡤘	嬭
𡤞	䶯
𡤡	婘
𡤣	孌
𡤥	儵
𡤯	嫘
𡤱	濫
𡤹	嬎
𡥑	㦼
𡥗	孕
𡥛	殊
𡦋	孯
𡦌	孻
𡦗	孺
𡦘	孺
𡦣	孼
𡦩	厚
𡧈	宇
𡧎	賓
𡧏	罔
𡧻	若
𡧽	𡧬
𡨉	毫
𡨓	栗
𡨔	宰
𡨥	寇
𡨶	冥
𡨼	叟
𡩅	家
𡩈	苗
𡩙	家
𡩧	寶
𡪎	㝱
𡪓	寶
𡪖	密
𡪢	寢
𡪤	宰
𡪴	宿
𡫰	䃖
𡫱	𥗀
𡫷	寶
𡬃	𡬁
𡬊	𡫽
𡬓	㝲
𡬚	擠
𡬝	等
𡬪	耐
𡬬	删
𡬽	剽
𡭆	尊
𡭎	導
𡭓	剽
𡭠	當
𡭯	尛
𡭹	玅
𡭽	𡭴
𡮐	小
𡮱	隙
𡯉	又
𡯔	尬
𡯕	尬
𡯧	㞁
𡯪	尣
𡯶	就
𡯾	𠄁
𡰒	尰
𡰓	𡰌
𡰔	就
𡰘	𡰑
𡰦	𡰫
𡰬	身
𡰮	歹
𡰯	豕
𡰼	尻
𡱎	肩
𡱒	𡱂
𡱓	尾
𡱔	旨
𡱕	尾
𡱲	尾
𡱴	尿
𡱻	屙
𡲂	徂
𡲎	庳
𡲑	屎
𡲔	𡱁
𡲙	咽
𡲝	拽
𡲠	破
𡲡	徂
𡲣	降
𡲩	屁
𡲳	溺
𡲴	徙
𡲻	羣
𡳈	舜
𡳉	舜
𡳍	絇
𡳫	樓
𡳼	𩋎
𡴄	市
𡴓	𠃼
𡴕	𡴋
𡴨	奏
𡴸	𡴲
𡴼	岊
𡵊	𡵋
𡵋	𡵊
𡵏	𡴁
𡵒	㞯
𡵮	岻
𡵰	流
𡵱	岓
𡵵	𡵬
𡵹	岳
𡵺	岣
𡵼	炭
𡵾	谷
𡶒	岪
𡶓	嶽
𡶢	岲
𡶤	用
𡶩	岡
𡶰	峔
𡷅	峯
𡷆	峘
𡷌	崩
𡷒	嶽
𡷣	峹
𡷧	崟
𡸒	硉
𡸝	崒
𡸣	𡸢
𡸧	岷
𡸬	𡸠
𡹊	垠
𡹏	𡶬
𡹺	峭
𡺆	嶞
𡺒	憂
𡺝	𡹵
𡺡	盈
𡺱	嵍
𡺶	塞
𡺼	嵲
𡺿	崚
𡻍	峨
𡻜	嵽
𡻥	㠧
𡻪	嵺
𡻱	𡻭
𡻴	峻
𡻾	民
𡼋	崎
𡼍	崵
𡼑	崿
𡼰	崿
𡼶	嵾
𡽀	嵕
𡽇	𡿋
𡽓	嵯
𡽔	齒
𡽕	㠑
𡽟	嵺
𡽺	嶽
𡾋	𡾊
𡾐	𡿖
𡾧	巂
𡾩	巃
𡾯	嶾
𡾷	磊
𡿁	巍
𡿆	巍
𡿘	嶒
𡿣	巉
𡿭	坤
𡿱	巠
𡿸	箕
𡿻	衆
𡿽	巡
𢀀	龍
𢀂	巤
𢀃	載
𢀉	子
𢀎	河
𢀑	巨
𢀚	工
𢀝	新
𢀠	差
𢀡	隳
𢀯	初
𢁃	躋
𢁅	巽
𢁓	豕
𢁚	𢁘
𢁥	帉
𢁫	希
𢁯	㠴
𢁳	亥
𢁴	系
𢁵	帗
𢂇	帝
𢂋	京
𢂑	拭
𢂙	㠵
𢂚	卓
𢂥	㡂
𢂩	㡆
𢂫	尹
𢂬	尹
𢂯	亦
𢂵	㠹
𢂻	㠴
𢂽	帬
𢂾	㡃
𢂿	帢
𢃖	幬
𢃚	㡓
𢃜	犆
𢃤	𢃎
𢃧	𢃓
𢃨	帿
𢃪	𢃓
𢃫	帢
𢃭	𢃓
𢃷	牟
𢃹	尹
𢄘	逐
𢄟	𢂓
𢄠	𢂁
𢄴	㡅
𢄾	盟
𢄿	橐
𢅂	幬
𢅍	橐
𢅏	㡘
𢅐	幨
𢅔	𢁼
𢅛	㡣
𢅞	綠
𢅢	搜
𢅦	𢅨
𢅵	簚
𢆊	汀
𢆍	臿
𢆎	幸
𢆑	叔
𢇀	泥
𢇑	絕
𢇒	㡮
𢇖	孳
𢇙	廙
𢇜	廡
𢇝	底
𢇠	庉
𢇣	奩
𢇩	庍
𢇪	番
𢇫	覂
𢇬	苃
𢇯	府
𢇹	𢇨
𢇻	知
𢈅	㽿
𢈊	𢩋
𢈞	庮
𢈟	竢
𢈥	親
𢈷	庳
𢈹	㢈
𢈿	或
𢉄	廞
𢉕	䨲
𢉖	鹿
𢉡	竢
𢉣	𡧖
𢉪	庛
𢉬	黟
𢉴	傴
𢉶	腐
𢊂	𢋾
𢊃	瘞
𢊎	瑟
𢊐	𢈶
𢊰	𢋮
𢊳	庛
𢊴	奩
𢊻	遼
𢋜	螷
𢋡	㢚
𢋦	嗇
𢌀	褻
𢌂	廈
𢌇	灋
𢌒	廲
𢌭	等
𢌯	界
𢌰	箕
𢌱	與
𢌸	弈
𢌼	承
𢍄	思
𢍐	終
𢍒	𢍏
𢍔	弇
𢍗	言
𢍝	蠡
𢍠	契
𢍨	𡊄
𢍬	言
𢍳	巽
𢍸	擎
𢍺	弋
𢎁	武
𢎄	㢦
𢎇	災
𢎊	弒
𢎍	弑
𢎐	二
𢎑	戴
𢎒	矰
𢎓	弒
𢎜	及
𢎢	引
𢎧	乃
𢎨	弔
𢎰	㢪
𢎷	𢐊
𢎸	弤
𢏁	弤
𢏉	𢑇
𢏓	哂
𢏔	㝁
𢏖	羿
𢏥	㢨
𢏨	彆
𢏩	乃
𢏲	弽
𢏴	㢻
𢏶	𢏯
𢏼	弽
𢐁	弦
𢐇	弽
𢐈	弼
𢐋	弛
𢐌	餗
𢐏	弛
𢐓	鏘
𢐕	弨
𢐖	㣁
𢐠	𢐲
𢐤	弼
𢐥	𢑈
𢐬	𢑈
𢐱	羲
𢐸	玈
𢐹	饘
𢐺	炒
𢑁	彇
𢑄	𢐲
𢑉	𢑈
𢑊	㣅
𢑋	鬵
𢑌	羹
𢑑	多
𢑖	早
𢑘	魅
𢑙	魅
𢑣	彘
𢑤	彙
𢑨	肆
𢑪	狗
𢑫	皺
𢑭	𢑷
𢑯	蝟
𢑰	多
𢑲	彜
𢑳	豬
𢑵	翻
𢑶	𨫾
𢑸	豪
𢑹	壺
𢑽	那
𢑿	囊
𢒁	𢒀
𢒃	施
𢒔	豖
𢒕	諸
𢒖	彧
𢒛	變
𢒜	彪
𢒠	馬
𢒤	溷
𢒬	影
𢒭	𢒟
𢒮	㣎
𢒴	禡
𢒽	𢒾
𢒿	犯
𢓂	徒
𢓅	從
𢓇	退
𢓉	返
𢓊	徙
𢓏	𢓒
𢓕	冘
𢓝	佻
𢓩	任
𢓪	竢
𢓫	侁
𢓳	𢖊
𢓴	退
𢓶	通
𢓽	徯
𢓾	俗
𢔀	侵
𢔄	趠
𢔌	俾
𢔎	往
𢔏	後
𢔐	𢓈
𢔘	𢔱
𢔜	修
𢔦	徲
𢔨	得
𢔭	徲
𢔵	遘
𢔶	得
𢔷	俇
𢔸	䟐
𢕃	㣬
𢕇	𢕩
𢕏	蹕
𢕐	𨁁
𢕗	徛
𢕛	復
𢕝	𢓱
𢕟	慠
𢕧	微
𢕼	還
𢖃	僕
𢖉	徹
𢖐	儦
𢖒	優
𢖙	䟐
𢖜	衝
𢖢	農
𢗁	念
𢗐	忱
𢗑	忱
𢗓	𢤀
𢗔	愐
𢗕	怐
𢗖	恁
𢗘	忽
𢗬	㤉
𢗮	恟
𢗱	志
𢘈	怨
𢘐	𩜍
𢘑	臣
𢘓	謀
𢘔	怨
𢘕	𢘅
𢘧	𢘎
𢘵	𢘴
𢘻	悉
𢙀	憡
𢙁	𡜂
𢙉	惱
𢙊	恣
𢙌	狂
𢙍	悉
𢙎	慶
𢙰	𢛆
𢙵	悋
𢙽	悔
𢚃	劣
𢚇	狂
𢚍	𡧯
𢛈	惉
𢛌	憁
𢛐	惵
𢛑	怐
𢛚	辱
𢛠	𢜭
𢛡	𢝌
𢛧	惟
𢛬	密
𢜚	怰
𢜰	㤿
𢜲	拏
𢜵	𢜴
𢜺	哀
𢜾	悈
𢝄	𢝅
𢝋	悢
𢝐	愆
𢝑	慶
𢝒	㥠
𢝔	惻
𢝭	恐
𢞑	惰
𢞘	𢝊
𢞙	拏
𢞝	㥶
𢞢	慶
𢞤	惄
𢞯	惠
𢟠	𢤬
𢟥	愂
𢟮	慲
𢟶	懅
𢟷	憣
𢟸	㦎
𢟹	𢟲
𢟺	憀
𢟻	𢠱
𢟼	儚
𢠞	惠
𢠟	㥟
𢠡	懆
𢠳	憋
𢠴	憐
𢠶	患
𢠻	㥆
𢠾	憩
𢡊	愆
𢡕	惕
𢡖	慘
𢡗	萌
𢡘	惠
𢡸	眇
𢡾	眇
𢢔	慢
𢢛	𢟧
𢣑	㦚
𢣕	懝
𢣗	懡
𢣢	勰
𢤊	悳
𢤌	懖
𢤙	𢢞
𢤭	懍
𢤮	𢥘
𢤴	㦚
𢤵	惎
𢥑	懪
𢥓	懟
𢥗	𢟢
𢥛	㥶
𢥼	懆
𢦖	我
𢦞	戩
𢦠	我
𢦡	感
𢦢	弟
𢦧	矛
𢦩	成
𢦶	戒
𢦹	滅
𢧁	歲
𢧉	斮
𢧊	棨
𢧋	蠢
𢧘	鍋
𢧨	蠢
𢧸	蠢
𢧿	藏
𢨉	矰
𢨍	韶
𢨐	戢
𢨓	弑
𢨞	識
𢨣	蠢
𢨦	戽
𢨧	𢩞
𢨩	厄
𢨴	扅
𢨹	扅
𢨾	戾
𢩁	局
𢩅	𢩘
𢩍	辜
𢩙	靈
𢩝	靈
𢪄	捽
𢪔	抵
𢪖	抆
𢪗	𢷏
𢫀	牽
𢫒	𡏈
𢫾	指
𢬞	搊
𢬹	挑
𢬽	捭
𢭀	旋
𢭉	插
𢭋	挈
𢭌	搖
𢭨	㧚
𢮓	掣
𢮕	揲
𢮛	𢮨
𢮤	把
𢯯	搋
𢰉	𢯻
𢰔	插
𢰗	挃
𢱂	𢮡
𢱅	捷
𢱯	擥
𢱵	奉
𢱼	揖
𢲓	𦥠
𢲽	搋
𢳏	㩅
𢳕	𢱣
𢳘	搖
𢴽	拜
𢵁	掤
𢵃	㧾
𢶝	捷
𢷇	搶
𢸈	摘
𢹕	𢺃
𢹵	拶
𢺶	支
𢻄	辜
𢻈	㩼
𢻍	教
𢻛	魯
𢻝	變
𢻞	散
𢻦	散
𢻯	學
𢻳	扶
𢻽	㪆
𢼅	教
𢼎	作
𢼞	刷
𢼪	敦
𢼴	殺
𢽉	宼
𢽘	殺
𢽛	㪏
𢽡	徵
𢽤	敢
𢽥	奏
𢽮	殺
𢽺	殺
𢾌	毀
𢾓	穆
𢾶	勝
𢿅	倏
𢿉	穆
𢿑	竊
𢿒	貫
𢿘	數
𢿛	敺
𢿝	竊
𢿥	播
𢿪	敵
𢿷	散
𢿹	𢿔
𣀎	殺
𣀚	夔
𣀪	拂
𣀬	欹
𣀸	𧿧
𣁀	𧥙
𣁎	譽
𣁙	錦
𣁝	彩
𣁫	亹
𣁶	𣂁
𣁺	𣁼
𣁻	𣁷
𣁿	𣂁
𣂆	𣁼
𣂌	斣
𣂑	斗
𣂕	斯
𣂢	斷
𣂦	剞
𣂧	剗
𣂨	𣂰
𣂪	斲
𣂫	折
𣂯	誓
𣂲	𣂟
𣃁	斸
𣃄	薪
𣃆	𣃃
𣃊	鼎
𣃋	斲
𣃌	斴
𣃏	斲
𣃙	旁
𣃟	旁
𣃢	旌
𣃨	旅
𣃯	旃
𣃴	𣃳
𣃻	陣
𣄀	旌
𣄈	㫎
𣄤	𣄘
𣄩	䫯
𣄵	𣄴
𣅆	期
𣅈	冬
𣅋	豆
𣅣	豆
𣅱	時
𣅳	昃
𣅹	昪
𣆄	昜
𣆊	春
𣆋	昣
𣆚	侈
𣆞	是
𣆠	鬼
𣆧	昊
𣆫	昌
𣆷	晁
𣆺	宵
𣆼	冬
𣇚	晙
𣇮	晰
𣇯	𣆻
𣇱	明
𣇶	𦐲
𣈍	𤴁
𣈟	揚
𣈦	㬂
𣈪	類
𣉈	昏
𣉩	𣇩
𣉬	照
𣉭	蒙
𣉼	𣋞
𣊃	務
𣊄	熭
𣊅	渴
𣊕	照
𣊙	暫
𣊤	農
𣊴	𣉱
𣋐	著
𣋗	夏
𣋥	昆
𣋴	暴
𣌇	晉
𣌭	會
𣍄	韋
𣍈	豐
𣍑	僈
𣍜	黌
𣍠	期
𣍷	朗
𣍸	霸
𣎒	塍
𣎟	𦠅
𣎣	皎
𣎤	鞶
𣎹	朻
𣎾	朵
𣎿	朵
𣏖	栚
𣏝	枕
𣏳	枑
𣏻	朵
𣐈	枾
𣐉	杘
𣐷	柺
𣐸	栝
𣐾	薅
𣑥	栲
𣑨	無
𣑪	栴
𣑿	枹
𣒁	栚
𣒩	㭼
𣒪	𣓗
𣒫	梅
𣒬	𣛺
𣒶	李
𣓂	𣖾
𣓄	𣐑
𣓍	𣔺
𣓎	枖
𣓐	甹
𣓓	𣖼
𣓖	枅
𣓙	椒
𣔎	楠
𣔏	枿
𣔒	槊
𣔖	㮲
𣔶	𦨲
𣔼	竿
𣔾	檖
𣕍	栒
𣕏	𣓧
𣕪	𣕑
𣕽	𣓕
𣕿	棗
𣖃	椯
𣖊	例
𣖲	𣐑
𣖶	楘
𣖺	㭚
𣖽	梫
𣗀	楷
𣗴	栗
𣗵	剛
𣘒	榦
𣘕	梣
𣘜	笞
𣘧	柎
𣘫	椃
𣘭	柙
𣙳	梳
𣙽	櫪
𣙾	樾
𣚁	𣚀
𣚃	㮮
𣚅	㭙
𣚆	輴
𣚈	槮
𣚉	樛
𣚋	㭨
𣚑	檮
𣚚	欘
𣚛	虡
𣚥	棛
𣚦	弶
𣚨	無
𣛖	栲
𣛚	橤
𣛳	𣔵
𣛶	榝
𣛿	櫲
𣜀	樾
𣜃	楢
𣜅	𣛹
𣜈	秦
𣜥	檄
𣜦	檤
𣝃	箜
𣝄	㯛
𣝊	欃
𣝖	韎
𣝗	核
𣝷	檮
𣝹	麓
𣝻	觴
𣞤	𣟒
𣞵	葚
𣟅	楹
𣟍	𣟌
𣟯	𣟋
𣟰	𣝑
𣟻	檍
𣟾	𣞿
𣠡	櫾
𣠭	短
𣠻	韛
𣡦	囊
𣡳	太
𣡼	栗
𣢀	弞
𣢎	𣢍
𣢙	㰣
𣢭	𠩗
𣢻	款
𣢽	𣢬
𣣙	𣣇
𣣝	𣢼
𣣡	𣣠
𣣤	𣣏
𣣬	資
𣣯	㱀
𣣰	㰷
𣣼	𣤬
𣣾	啞
𣤀	歂
𣤐	㰲
𣤑	歌
𣤒	歌
𣤙	歊
𣤜	最
𣤠	噦
𣤣	𣣳
𣤲	諤
𣤼	歔
𣥁	歎
𣥉	咫
𣥔	正
𣥘	戸
𣦁	諸
𣦂	初
𣦅	祟
𣦑	驅
𣦕	𣂸
𣦜	蹻
𣦝	蹲
𣦟	剪
𣦡	躇
𣦳	叡
𣦸	死
𣦽	夙
𣧓	州
𣧠	殄
𣧢	殄
𣧭	𣨡
𣧷	𬆔
𣨃	腴
𣨈	殍
𣨗	㱤
𣨚	殜
𣩆	冥
𣩇	腐
𣩋	𣨐
𣩍	戮
𣩎	㱳
𣩐	縮
𣩓	剿
𣩖	衰
𣩣	殜
𣩨	殜
𣩩	㱸
𣩳	㣅
𣩹	壞
𣩾	薨
𣪅	毆
𣪆	殺
𣪖	殺
𣪰	剜
𣪱	敱
𣪾	𣫐
𣫌	㝅
𣫘	㲉
𣫟	翿
𣫩	鑿
𣫫	𣫞
𣫭	每
𣫹	瑇
𣫻	婁
𣬃	𣬄
𣬉	毗
𣬋	㲋
𣬓	拜
𣬖	毗
𣬡	麾
𣬮	髲
𣬾	䯱
𣭜	毣
𣭞	毦
𣭟	毨
𣭢	耄
𣭭	氂
𣭱	㲖
𣭲	𣯍
𣭳	毬
𣭵	𣭴
𣭶	睫
𣭸	毼
𣮋	氂
𣮩	𣯏
𣮮	眉
𣮱	𣮫
𣮲	毻
𣯈	毾
𣯒	氍
𣯕	釐
𣯝	毳
𣯮	𣯥
𣯯	𣯧
𣯰	睫
𣯲	毱
𣯺	毿
𣯽	氆
𣰍	睫
𣰐	裘
𣰔	氊
𣰖	𣰚
𣰝	氀
𣰭	氎
𣰸	氎
𣱅	氓
𣱎	㲳
𣱏	於
𣱛	氣
𣱩	消
𣱪	㲴
𣱯	㲴
𣱴	汚
𣱵	永
𣲁	汔
𣲃	沌
𣲐	沍
𣲖	㳅
𣲝	冰
𣲟	泄
𣲠	汐
𣲴	沸
𣲻	涺
𣳂	克
𣳄	𣳤
𣳛	流
𣳝	泮
𣳥	渡
𣳨	堆
𣳳	洒
𣳴	法
𣴒	犬
𣴤	淢
𣴦	泓
𣴧	洮
𣴬	沒
𣴳	社
𣴴	海
𣴶	漆
𣴸	淵
𣴺	淵
𣴾	沱
𣵻	𣵺
𣵾	洼
𣶅	涺
𣶑	洶
𣶓	洒
𣶗	淾
𣶛	𣶚
𣶜	𣶚
𣶟	滄
𣶢	滂
𣷢	湑
𣷦	漆
𣷨	淵
𣷩	洕
𣷼	漙
𣸂	㳦
𣸕	水
𣸖	涬
𣸟	洌
𣸡	漆
𣸧	㴱
𣹉	盥
𣹊	浵
𣹣	澀
𣹰	濅
𣹳	流
𣹷	梁
𣹸	滕
𣹺	涎
𣹻	泉
𣹾	淳
𣹿	滂
𣺱	潷
𣺲	潎
𣻍	潒
𣻓	𣻒
𣻔	漂
𣻨	尿
𣻭	盪
𣻲	淄
𣼙	魅
𣼟	漉
𣼡	浸
𣼢	漻
𣽃	澹
𣽄	瀱
𣽈	濡
𣽊	濬
𣽏	污
𣽐	滆
𣽑	澾
𣽓	漻
𣽙	滾
𣽨	滕
𣽩	斿
𣽵	湊
𣽶	淈
𣾣	澾
𣾫	澀
𣾬	淵
𣿋	滹
𣿏	𣽕
𣿔	澾
𣿜	㵞
𣿠	澀
𤀅	滄
𤀈	奧
𤀧	瀺
𤀬	瀵
𤀳	潣
𤁊	渙
𤁍	澀
𤁤	灘
𤁶	濔
𤁼	𤃀
𤂆	滮
𤂇	滋
𤂴	𤃪
𤂺	灠
𤃁	溼
𤃕	濤
𤃸	濼
𤄐	溜
𤄕	㶛
𤄝	灎
𤄦	濾
𤄵	灊
𤄸	𤄼
𤅏	𤀆
𤅫	零
𤅼	𤅩
𤆂	蕢
𤆅	赦
𤆋	災
𤆚	炖
𤆯	煮
𤆱	暖
𤆲	災
𤇁	蓋
𤇚	坼
𤇛	炕
𤇝	炥
𤇡	𤣥
𤇷	𤇯
𤈕	㶴
𤈖	炰
𤉊	炟
𤉢	象
𤊗	烟
𤊛	炒
𤊜	炱
𤊝	炒
𤊮	𤉺
𤋆	盜
𤋇	視
𤋨	𤌃
𤋩	熱
𤋪	爆
𤋬	於
𤋯	煮
𤋰	助
𤌉	煼
𤌒	烓
𤌕	𤌃
𤌸	燒
𤌻	卦
𤍍	無
𤍾	爨
𤎁	烈
𤎂	䩌
𤎝	㷳
𤎫	光
𤎷	熾
𤏙	煖
𤏚	㷳
𤏛	㷶
𤏟	燥
𤏠	模
𤏵	燡
𤐒	盞
𤐕	輝
𤐭	燽
𤑃	𦡶
𤑅	偃
𤑔	爇
𤑖	爨
𤑧	撮
𤒂	曜
𤒒	熟
𤒬	𤐀
𤓏	𤏶
𤓐	耿
𤓟	爨
𤓥	爨
𤓱	糺
𤓳	釆
𤓸	爲
𤓽	孚
𤔁	平
𤔌	隱
𤔐	𤔔
𤔑	禮
𤔒	𤔔
𤔗	𤔩
𤔜	福
𤔤	愛
𤔥	巢
𤔪	䜌
𤔮	殺
𤕅	亂
𤕈	戀
𤕓	爺
𤕘	於
𤕢	姣
𤕥	髮
𤕭	將
𤕮	椸
𤕰	卯
𤕶	莊
𤖄	莊
𤖈	莊
𤖏	疾
𤖚	逸
𤖤	備
𤖧	牆
𤖫	帆
𤖮	句
𤖾	𤖽
𤗄	牕
𤗅	𦙍
𤗉	牎
𤗊	牒
𤗗	棟
𤗥	㸣
𤗦	隔
𤗩	㸢
𤘛	𤘫
𤘳	牴
𤙀	𤘾
𤙊	牴
𤙌	你
𤙍	㸬
𤙣	𤙖
𤙨	束
𤙪	廌
𤚂	搊
𤚃	牴
𤚄	搊
𤚒	㹁
𤚶	烏
𤚼	𣪬
𤚾	振
𤚿	振
𤛌	犚
𤛤	犙
𤛫	騂
𤛰	㹕
𤛽	㹛
𤛾	㹛
𤜏	犡
𤜨	㹠
𤝃	𤜷
𤝌	猿
𤝦	犲
𤝨	狖
𤝶	𤝵
𤝺	狔
𤞈	𤝬
𤞙	𤞲
𤞥	保
𤞯	狣
𤟕	𤟠
𤟗	猨
𤟬	𤠟
𤟴	𤟤
𤟵	戾
𤟻	猰
𤟽	鍦
𤠒	㺇
𤠞	貔
𤠬	獢
𤡎	獻
𤡗	獀
𤡘	㺖
𤡙	㺑
𤡦	𤡥
𤢃	獢
𤢅	𤡮
𤢜	獨
𤢝	獒
𤢞	獌
𤢠	猲
𤢢	獽
𤢪	獵
𤣊	獷
𤣋	𤣤
𤣜	㺜
𤣝	獮
𤣪	玉
𤣽	瑁
𤤈	瑚
𤤪	珊
𤤹	㻷
𤥔	珟
𤥕	琁
𤥖	珤
𤥚	玕
𤥸	璘
𤥼	𤧚
𤦠	玠
𤦨	聖
𤦯	珒
𤦰	瑬
𤦳	琿
𤦴	琅
𤧖	環
𤧢	璘
𤧧	瑿
𤧬	𤦼
𤨔	環
𤨜	琅
𤨹	㻬
𤨺	琛
𤩀	珊
𤩁	璩
𤩅	璿
𤩆	瑍
𤩈	𤩇
𤩉	𤩇
𤩟	琴
𤩡	𤩋
𤩫	瓌
𤩯	𤩮
𤩴	𤩱
𤩵	琚
𤪄	𤩃
𤪅	瑤
𤪆	𤪍
𤪐	璵
𤪬	琚
𤫅	碧
𤫆	璽
𤫡	罌
𤫭	㼊
𤫰	瓞
𤫳	𦰯
𤫼	瓞
𤬎	瓞
𤬗	瓠
𤬚	㼓
𤬜	𤬛
𤬮	甁
𤬰	𤬯
𤬺	㼜
𤬻	瓴
𤬾	𬎨
𤭁	㼧
𤭎	甒
𤭓	㼛
𤭘	㼢
𤭛	㼚
𤭝	甈
𤭠	𤬷
𤭡	𤬷
𤭣	㽄
𤭦	㽄
𤭪	㼽
𤭳	𤮋
𤭺	㼚
𤮅	甈
𤮇	㼸
𤮛	墼
𤮤	氄
𤮻	旨
𤯉	耽
𤯋	蔗
𤯎	𤯌
𤯗	穩
𤯛	笙
𤯣	姓
𤯦	嫩
𤯯	嫩
𤯳	甦
𤯽	死
𤰆	用
𤰛	畱
𤰞	卑
𤰡	甿
𤰩	畬
𤰫	邦
𤰲	畏
𤰶	申
𤱏	畛
𤱑	畝
𤱒	陸
𤱞	畋
𤱥	畛
𤱧	𭻐
𤱬	畇
𤱭	當
𤱮	魅
𤱱	載
𤱼	畛
𤲋	畯
𤲘	畼
𤲢	畱
𤲦	𤲤
𤲧	畝
𤲫	疃
𤲲	糞
𤲶	嬲
𤲷	穡
𤲹	畷
𤲽	校
𤳏	畾
𤳒	㽩
𤳔	塍
𤳗	𤳖
𤳛	𤳖
𤳫	𤳊
𤳬	畦
𤳭	𤴀
𤳻	累
𤴈	累
𤴌	雷
𤴐	雷
𤴑	雷
𤴜	梳
𤴩	仄
𤴪	𤴮
𤴰	㽾
𤴴	瘎
𤴸	疙
𤵋	疧
𤵍	斥
𤵏	疥
𤵔	瘎
𤵡	㾰
𤵢	痃
𤵣	病
𤵫	𤶠
𤵷	𤴿
𤵿	瘺
𤶀	㽱
𤶅	疾
𤶆	𤷻
𤶉	𤵵
𤶌	瘦
𤶍	𤵰
𤶙	痄
𤶡	疛
𤶢	癡
𤶣	疫
𤶴	音
𤶶	𤷀
𤶷	瘡
𤷂	痱
𤷓	𤴾
𤷚	瘃
𤷜	癊
𤷥	痠
𤸂	瘦
𤸅	痻
𤸋	疥
𤸏	𤷈
𤸟	痔
𤸠	廟
𤸢	惱
𤸺	欬
𤸾	癠
𤹉	廈
𤹍	饜
𤹪	痀
𤹱	瘕
𤹳	麽
𤹶	瘦
𤹹	瘓
𤹻	惱
𤺁	瘦
𤺍	憨
𤺑	瘮
𤺒	訾
𤺘	啞
𤺙	𤷻
𤺚	瘛
𤺦	瘞
𤺧	膚
𤺨	瘡
𤺽	𤸷
𤻈	瘍
𤻍	揄
𤻣	疾
𤻥	痯
𤻯	瘦
𤻴	疼
𤻺	瘦
𤼄	瘭
𤼆	疼
𤼜	蠯
𤼟	㿙
𤼠	瘰
𤼣	𤼙
𤼧	癹
𤼪	登
𤼬	班
𤼰	𤼺
𤼴	𤼳
𤼷	登
𤼽	白
𤼾	癿
𤽎	陰
𤽙	皇
𤽚	皇
𤽛	星
𤽧	皇
𤽰	籸
𤽻	皤
𤽽	𤾕
𤾇	兜
𤾉	㿩
𤾙	艙
𤾠	的
𤾡	𤾸
𤾨	𤿅
𤾪	星
𤾶	𤿀
𤾻	𤿅
𤿉	𤿈
𤿊	皯
𤿒	𤿏
𤿛	辜
𤿜	𧹞
𤿿	皺
𥀀	㿹
𥀄	𥀃
𥀉	𥀈
𥀊	韋
𥀤	㿸
𥀥	𥀰
𥀦	羆
𥀧	羆
𥀭	𥀫
𥀴	欹
𥀶	𣀮
𥀼	𪔳
𥀽	鼜
𥁋	盇
𥁏	盄
𥁓	䀁
𥁔	䀀
𥁚	䀄
𥁞	盡
𥁡	盓
𥁩	𥁷
𥁻	𥂘
𥂊	盍
𥂔	䀊
𥂠	𥂹
𥂡	𥃐
𥂲	盩
𥂳	盪
𥃃	䀊
𥃍	盭
𥃓	㿾
𥃕	榼
𥃡	鹼
𥃦	目
𥃻	首
𥄄	眽
𥄅	昈
𥄆	眂
𥄊	𥄉
𥄌	睟
𥄏	眵
𥄐	盿
𥄙	視
𥄚	視
𥄥	耆
𥄩	𥆎
𥄺	眣
𥄼	𥈓
𥄿	眱
𥅓	䝯
𥅕	眉
𥅚	盱
𥅝	䀘
𥅫	眾
𥅰	睵
𥅳	䀘
𥅶	聖
𥅹	睎
𥆍	𥍉
𥆐	䁩
𥆓	眒
𥆠	䀨
𥆤	目
𥆰	𥇀
𥆶	腕
𥇊	睔
𥇋	盲
𥇐	眕
𥇒	䀹
𥇝	睪
𥇫	𥇀
𥇮	眉
𥇴	𣂰
𥈎	瞎
𥈐	眥
𥈑	睺
𥈩	𥈄
𥈪	尊
𥉍	眵
𥉏	看
𥉗	眊
𥉦	眠
𥉹	𥍔
𥊁	𥊴
𥊂	矖
𥊅	睚
𥊆	睫
𥊐	照
𥊳	䁴
𥊹	𥌾
𥊺	瞯
𥋀	眒
𥋃	瞤
𥋄	瞟
𥋞	𥌼
𥋟	䂀
𥋠	瞟
𥋫	照
𥌉	𥌺
𥌎	瞤
𥌕	瞽
𥌖	陽
𥌜	䁃
𥌣	矊
𥍂	𥉛
𥍄	觀
𥍡	矠
𥍢	𥍸
𥍤	矛
𥍥	矛
𥍰	䂆
𥍶	䂉
𥍷	𥎋
𥍽	䂌
𥍾	𥎂
𥍿	盾
𥎌	𥍮
𥎚	𥎊
𥎥	䂎
𥎦	矦
𥎧	矧
𥎪	矧
𥎲	疑
𥎵	知
𥎶	短
𥎻	矪
𥎿	知
𥏁	族
𥏂	疾
𥏉	彘
𥏔	䂔
𥏢	䂔
𥏲	𥏫
𥏵	癅
𥏷	雉
𥏻	𥏫
𥐄	韋
𥐤	砎
𥐺	砥
𥐼	硇
𥑁	砭
𥑆	䂟
𥑌	砮
𥑵	磓
𥑶	礨
𥒒	𥑰
𥒤	碯
𥓓	碑
𥓔	碨
𥓕	磬
𥓱	碯
𥓽	砦
𥔃	碨
𥔅	砎
𥔆	席
𥕃	磣
𥕌	磛
𥕳	𥕲
𥕴	礫
𥕷	礝
𥖋	碯
𥖛	斫
𥖝	磏
𥖴	硾
𥖷	䃫
𥖽	磶
𥗉	磊
𥗘	摩
𥗞	𥕗
𥗣	𥖫
𥗬	磊
𥗰	硇
𥗱	𥗭
𥗲	礕
𥗴	砢
𥘐	祟
𥘖	頭
𥘦	赦
𥘬	祓
𥙂	祗
𥙤	禱
𥙲	社
𥚍	禍
𥚜	禱
𥚨	祡
𥛀	祲
𥛔	禍
𥛻	𥛱
𥛼	䄚
𥜏	跪
𥜠	祣
𥜩	神
𥝁	偰
𥝅	萬
𥝓	秕
𥝢	利
𥝺	穳
𥝻	穀
𥞀	移
𥞱	䅃
𥞶	秠
𥟐	䅍
𥟑	稗
𥟟	𥟙
𥟷	䅳
𥠇	穆
𥠈	𥣮
𥠵	秿
𥡔	𥠴
𥡨	秿
𥡩	藝
𥡫	挃
𥡰	種
𥡹	穈
𥢁	穟
𥣚	穳
𥣠	秦
𥣦	穉
𥣪	穳
𥣭	䅀
𥣰	稨
𥣷	糧
𥤀	秫
𥤇	穇
𥤌	𥡪
𥤍	稨
𥤚	𥤛
𥤞	𥢴
𥤢	穴
𥤶	𥧔
𥤽	寂
𥥒	寂
𥦧	窬
𥦾	窗
𥧊	窟
𥧜	𥦸
𥧢	㲨
𥧺	窮
𥨓	𥦄
𥨱	竊
𥨶	究
𥨷	竊
𥩑	𥩎
𥩖	亦
𥩠	站
𥩱	䇅
𥩳	待
𥩴	𡉈
𥪎	䇑
𥪺	儀
𥪽	童
𥫈	龍
𥫡	竽
𥬚	笮
𥬛	笮
𥬹	𥬷
𥬽	𥯮
𥬾	筑
𥭣	良
𥭤	䈽
𥮙	箭
𥮠	箝
𥮦	𥱾
𥯒	栽
𥯣	篾
𥯱	笥
𥯵	蠡
𥰷	𥰣
𥰹	䉰
𥰽	箎
𥱅	甚
𥲔	築
𥲩	𥷤
𥳤	笛
𥳫	腆
𥳮	䉂
𥴣	蓬
𥵴	簢
𥵶	腆
𥶖	𥷙
𥶞	孂
𥷣	筮
𥸜	𥸡
𥸳	䉻
𥸷	粢
𥸾	料
𥹏	粲
𥹟	粟
𥹴	䊇
𥹹	䊊
𥹿	閏
𥺘	䉾
𥺛	粺
𥺟	䉾
𥺠	眠
𥺢	糒
𥺳	糈
𥺶	𡱁
𥻎	糞
𥻏	粞
𥻔	糞
𥻪	𥹻
𥼉	糒
𥼗	𥼡
𥼙	粶
𥼺	䊫
𥼽	糖
𥼾	糝
𥼿	𥽏
𥽀	糶
𥽂	𥼹
𥽃	糗
𥽑	䉾
𥽒	𥹻
𥽣	𥼸
𥽦	𥽿
𥽭	糷
𥽮	𥼸
𥽻	糖
𥽼	糷
𥾀	𩏶
𥾂	𥼸
𥾄	粟
𥾆	糾
𥾎	綦
𥾒	䊷
𥾖	紃
𥾙	䊺
𥾤	䋂
𥾥	䋂
𥾧	紱
𥾫	結
𥾻	𥾟
𥿜	紾
𥿱	𥿰
𥿲	縐
𦀉	𥿰
𦀥	䋰
𦀦	紙
𦁑	𦁉
𦁒	網
𦁘	素
𦂃	綎
𦂏	䋺
𦂐	緱
𦂓	紼
𦂷	線
𦃚	素
𦃣	繑
𦄎	繓
𦅏	𦅎
𦆃	䌠
𦆅	縵
𦆎	繹
𦆪	裹
𦆬	縱
𦇲	䌳
𦇷	轡
𦈇	繘
𦈪	缻
𦈹	瓽
𦉇	缾
𦉏	罅
𦉖	𦈼
𦉮	网
𦉯	网
𦊕	罝
𦊤	岡
𦊭	𦊪
𦊰	罥
𦋇	罩
𦋊	箕
𦋍	黽
𦌓	罽
𦌤	置
𦌼	籠
𦌽	辯
𦍆	𦌾
𦍇	邊
𦍒	羍
𦍓	𦍣
𦍔	䍫
𦍜	䍨
𦍝	羝
𦍞	羝
𦍥	䍫
𦍽	𦍹
𦎃	執
𦎍	善
𦎩	𦎱
𦎴	羔
𦏃	𦎦
𦏌	羺
𦏟	善
𦏠	羔
𦏣	羬
𦏩	䍽
𦏯	善
𦐀	𦏶
𦐍	𦐋
𦐦	䎊
𦐩	翿
𦐪	䎈
𦐬	翕
𦐭	飛
𦐮	友
𦐷	䎍
𦐻	翛
𦑢	𦇨
𦑤	翭
𦑦	翦
𦑧	翨
𦑨	翪
𦑪	𦑣
𦑲	𦑶
𦑷	䎔
𦑽	䎗
𦒊	䎔
𦒒	翹
𦒓	䎗
𦒔	𦒑
𦒕	翦
𦒢	翺
𦒩	𦒦
𦒪	翷
𦒫	翳
𦒮	飛
𦒱	考
𦒸	𦒶
𦒾	𦒻
𦓀	耆
𦓄	耄
𦓘	耏
𦓨	耜
𦓪	䎢
𦓵	耜
𦓷	耘
𦔁	𫀸
𦔉	種
𦔎	畟
𦔏	耠
𦔗	穮
𦔘	耨
𦔢	耤
𦔨	𦔔
𦔩	穮
𦔪	耬
𦔴	問
𦕇	聄
𦕊	騁
𦕋	𦖉
𦕌	聞
𦕍	耽
𦕐	耼
𦕑	聄
𦕔	卯
𦕗	聄
𦕘	聽
𦕱	聯
𦕵	聊
𦕹	耾
𦕻	聰
𦕿	𦔮
𦖀	殍
𦖅	聎
𦖣	䎿
𦖹	聯
𦗁	瑱
𦗃	𦖬
𦗊	𦖋
𦗙	𦖋
𦗠	䏆
𦗯	聸
𦗾	聒
𦗿	聵
𦘈	聯
𦘉	聒
𦘓	勩
𦘡	肅
𦘣	斲
𦘨	肆
𦘬	肴
𦘭	飣
𦘰	眄
𦘸	肐
𦙁	胝
𦙅	𦘴
𦙊	肐
𦙗	㬳
𦙘	𦙠
𦙛	肫
𦙟	臍
𦙡	肯
𦙢	䏖
𦙩	肴
𦙪	肩
𦙭	疼
𦙰	胏
𦙳	胗
𦚈	𦘴
𦚍	胷
𦚎	䏠
𦚑	肩
𦚒	胠
𦚓	胖
𦚚	𦙼
𦚩	𬚹
𦚬	胯
𦚻	𦙱
𦛁	腦
𦛂	胃
𦛃	胳
𦛄	胷
𦛅	胺
𦛎	胏
𦛦	肰
𦛧	炙
𦛳	腦
𦛶	腳
𦛷	脬
𦜉	脾
𦜗	𦜋
𦜘	乳
𦜚	肴
𦜪	䐑
𦜬	肭
𦜵	脉
𦜺	辟
𦜻	䐢
𦜽	腌
𦜿	䐄
𦝐	皰
𦝕	能
𦝗	胕
𦝘	腃
𦝡	腤
𦝣	骼
𦝧	腩
𦝫	腰
𦝬	腯
𦝶	腦
𦞁	睵
𦞄	腦
𦞉	𦝨
𦞊	幐
𦞋	戮
𦞕	喉
𦞧	癅
𦞩	胤
𦞪	脀
𦞬	腱
𦞯	嗜
𦟡	䐴
𦟢	脣
𦟤	䐰
𦟥	遯
𦟯	肋
𦟳	醵
𦠊	腦
𦠒	𦠑
𦠔	䏳
𦠟	䏳
𦠡	𣊦
𦠤	腦
𦠥	瞯
𦠨	臊
𦠩	𦠓
𦠫	嫩
𦡀	膝
𦡗	𢣊
𦡘	腄
𦡛	膹
𦡜	臂
𦡩	膝
𦡬	黐
𦡭	䑁
𦡳	臘
𦢆	𦡺
𦢑	𦟠
𦢙	䑎
𦢚	膚
𦢜	臐
𦢝	瘦
𦢦	酥
𦢭	𦠖
𦢯	臖
𦢹	羹
𦢻	膺
𦢽	𦞦
𦣈	𦢸
𦣊	臡
𦣓	脰
𦣠	望
𦣩	臦
𦣮	孤
𦣸	𥃢
𦣹	自
𦣽	惠
𦤆	雲
𦤊	衄
𦤍	皇
𦤒	終
𦤔	臱
𦤙	臲
𦤞	臲
𦤲	佛
𦤳	至
𦤴	至
𦤵	至
𦤿	屋
𦥟	𦥝
𦥥	䑔
𦥧	貶
𦥮	爲
𦥵	𦥝
𦥿	焰
𦦁	𪓬
𦦂	齒
𦦃	齯
𦦇	𦥻
𦦈	臿
𦦏	齏
𦦐	𦥭
𦦔	𥜿
𦦛	𣱓
𦦥	農
𦦦	𦦭
𦦱	臿
𦦹	鑿
𦦺	𦦰
𦦾	𦦰
𦧂	䙴
𦧇	舓
𦧊	吮
𦧎	𦧈
𦧓	舓
𦧕	詹
𦧖	䑙
𦧤	䑜
𦧥	𦧟
𦧦	辭
𦧧	舓
𦧪	舐
𦧫	舓
𦧬	𧱳
𦧭	𦧟
𦧰	憩
𦧱	䑜
𦧵	話
𦧶	舍
𦧻	舚
𦨈	服
𦨋	服
𦨔	肕
𦨗	般
𦨘	䑴
𦨟	觶
𦨧	艒
𦨨	䑱
𦨬	𦨤
𦨰	舼
𦨱	津
𦨶	朕
𦨷	筏
𦨺	𦨤
𦨽	䑤
𦨿	艇
𦩄	䑬
𦩇	艐
𦩉	𦩈
𦩊	艗
𦩎	朕
𦩏	津
𦩙	䑼
𦩥	𦪬
𦩨	津
𦩷	䑦
𦩹	䑬
𦩽	艏
𦪄	艎
𦪅	艇
𦪆	䑴
𦪉	津
𦪓	䑿
𦪤	艕
𦪥	䑿
𦪰	𦪈
𦪸	艖
𦪺	䑿
𦫀	騰
𦫄	𦫃
𦫅	艖
𦫆	𦫈
𦫊	𦫃
𦫒	艱
𦫗	皰
𦫛	艴
𦫜	赩
𦫝	皴
𦫢	艷
𦫣	䒍
𦫤	顏
𦫦	䒊
𦫬	䒊
𦫱	皰
𦫸	𦬄
𦫼	䒓
𦬉	芥
𦬊	芑
𦬓	𦸙
𦬠	茻
𦬡	萃
𦬤	𦬚
𦬥	𦭺
𦬷	䔂
𦬼	苶
𦬾	𦮻
𦬿	𦳋
𦭃	萍
𦭄	滓
𦭆	蒼
𦮀	莌
𦮄	莔
𦮉	𦯄
𦮊	芻
𦮋	荒
𦮌	𦮻
𦮍	蒯
𦮒	䒼
𦮮	𦰚
𦮿	葋
𦯂	菽
𦯊	芵
𦯓	葅
𦯘	𤼱
𦯠	薍
𦯡	𦮼
𦯢	荈
𦯥	萱
𦯦	藐
𦯩	荽
𦰨	𦮆
𦰴	䕳
𦰷	蔤
𦰼	莋
𦱋	𦯶
𦱍	麻
𦱎	蒔
𦱕	𦺞
𦱘	蒡
𦱙	莥
𦱚	芸
𦱛	𦴔
𦱦	董
𦱨	䕳
𦱴	𦱤
𦱹	共
𦲬	麻
𦲰	𦰲
𦳂	洟
𦳃	䔑
𦳉	䔺
𦳒	藎
𦳓	𦽏
𦳜	苠
𦳪	蓀
𦳸	𦰪
𦳹	𦯏
𦳼	𭶢
𦴅	荾
𦴆	苟
𦴇	𦾵
𦴋	夢
𦴓	葬
𦵥	蔚
𦵮	薛
𦵲	𦯈
𦵳	菊
𦵶	茿
𦵹	菼
𦵻	茜
𦶃	𦱔
𦶆	莥
𦶉	茈
𦶒	菏
𦶓	蕻
𦶔	葋
𦶖	虆
𦶗	菊
𦶘	菤
𦷓	䕸
𦷕	蓾
𦷗	𧅁
𦷘	證
𦷝	芻
𦷞	䌨
𦷟	莦
𦷶	茻
𦸀	綦
𦸄	䕆
𦸎	蒔
𦸖	𦮾
𦸞	蜜
𦸟	葬
𦸠	𦺶
𦸤	蕞
𦸦	葧
𦸫	菎
𦸭	䓊
𦸯	莘
𦸲	蕅
𦸳	蓐
𦸴	䒨
𦸹	艽
𦹁	葉
𦹡	殍
𦹢	造
𦹤	蒨
𦹨	證
𦺁	㵩
𦺂	葩
𦺈	蓀
𦺚	薵
𦺠	苽
𦺪	藷
𦺫	䕞
𦺯	䕈
𦺵	菆
𦺼	蔭
𦺿	蘵
𦻀	䔶
𦻁	萏
𦻂	薞
𦻃	萑
𦻆	綦
𦻊	莊
𦻍	堇
𦼋	𦽎
𦼏	𦸥
𦼐	䔸
𦼑	蓿
𦼒	蔘
𦼤	𧀨
𦼩	𦻅
𦼬	菹
𦼮	𧁀
𦼰	藒
𦼶	䕈
𦼸	薅
𦼺	䒨
𦼻	葿
𦼾	菗
𦽂	𦸐
𦽈	蕕
𦽉	菼
𦽌	畐
𦽛	蔻
𦽜	萏
𦽝	蓏
𦽞	薍
𦽟	萹
𦽠	蔜
𦽢	蒂
𦽣	䕀
𦽤	䕛
𦽧	莠
𦽨	茭
𦽩	揉
𦾖	蔤
𦾯	菉
𦾼	𦵷
𦿈	蘥
𦿋	藒
𦿒	榛
𦿔	蔽
𦿕	樵
𦿘	葅
𦿙	蘀
𧀗	菑
𧀛	藣
𧀢	屟
𧀪	䕩
𧀫	薚
𧀱	蔕
𧀷	𧂇
𧀸	僕
𧀹	蔗
𧀽	菹
𧀾	蕛
𧀿	𧃐
𧁂	䔹
𧁃	蓄
𧁄	葥
𧂀	藐
𧂄	萏
𧂊	薤
𧂎	薧
𧂖	䔷
𧂗	𧂇
𧂘	蘘
𧂧	䕕
𧃗	䔯
𧃡	藻
𧃤	藎
𧄕	蘵
𧄗	菹
𧄘	𧆈
𧄙	䔺
𧄝	𧂒
𧄞	虉
𧄟	薦
𧄣	燒
𧄷	虉
𧄾	藣
𧅂	藻
𧅅	花
𧅉	藭
𧅊	蔆
𧅙	藙
𧅜	藽
𧅞	聚
𧅯	蘺
𧅳	䕻
𧅼	䖆
𧆆	禴
𧆊	虌
𧆗	𧅽
𧆨	𧆣
𧇇	𨛸
𧇑	虣
𧇔	凱
𧇾	虧
𧈆	𧆼
𧈇	虨
𧈋	菟
𧈐	饕
𧈒	䖘
𧈺	𧈩
𧈿	𧍑
𧉂	蚕
𧉐	𧕟
𧉗	蚖
𧉘	𧉀
𧉜	蚔
𧉠	蛓
𧉨	蛩
𧉮	蛇
𧉴	蜜
𧉵	蚅
𧉶	蛀
𧊇	蚮
𧊤	蜴
𧊧	蛤
𧊪	𧈦
𧊰	蛜
𧋌	蠹
𧋛	蛷
𧋜	蝨
𧋝	蝶
𧋞	蝶
𧋟	䗋
𧌒	蜮
𧌕	蝣
𧌟	蚪
𧌠	螵
𧌤	蜭
𧌭	螔
𧍚	蛔
𧍛	蛹
𧍝	蝭
𧍞	𧊜
𧍡	蠈
𧍣	蠆
𧍳	𧊠
𧍽	蟻
𧎁	蚧
𧎂	蝦
𧎞	蚌
𧎴	蜥
𧎻	蟊
𧏀	蛓
𧏊	𦯶
𧏍	螄
𧏎	蚊
𧏏	蛆
𧏐	𧔞
𧏑	䗒
𧏒	蛬
𧏤	茿
𧏦	蝡
𧏨	𧎵
𧏩	螝
𧏪	螣
𧏬	嗤
𧏼	蛀
𧏽	蠮
𧐀	蠰
𧐇	螱
𧐉	蜘
𧐊	䗅
𧐛	蝮
𧐜	螜
𧐝	蚪
𧐭	螫
𧐮	螹
𧐯	𧐋
𧐳	螰
𧑏	蠾
𧑛	蟰
𧑢	蟻
𧑣	蟯
𧑪	蟠
𧑬	𧑄
𧑭	蜇
𧑱	蜇
𧒏	蜃
𧒐	蠮
𧒠	𧑗
𧒡	𧔂
𧒣	蠥
𧒤	蝎
𧒥	螯
𧒦	蟄
𧒧	蜜
𧒼	蟿
𧒾	蟷
𧒿	蠈
𧓊	蜚
𧓌	螢
𧓚	蠍
𧓳	蛭
𧓵	蠆
𧓼	蟱
𧔃	𧔂
𧔄	蠍
𧔆	蚍
𧔵	𧔂
𧕔	𧖁
𧕣	𧕲
𧕰	蜉
𧕶	螘
𧕾	蠽
𧖌	蠹
𧖖	蠻
𧖝	蟭
𧖩	衄
𧖴	脈
𧗂	惄
𧗃	𧗁
𧗊	𧗁
𧗐	䘓
𧗔	䘒
𧗗	衄
𧗙	𧗚
𧗚	𧗙
𧗛	䘓
𧗧	往
𧗪	正
𧗶	割
𧗺	愆
𧘃	䘕
𧘄	導
𧘅	䘕
𧘠	衯
𧘤	袧
𧘦	表
𧘨	䘟
𧘭	衾
𧘵	襻
𧘶	救
𧘷	衸
𧙊	裀
𧙋	只
𧙎	袧
𧙑	𧙃
𧙰	袞
𧙷	裂
𧙹	禍
𧚛	裻
𧚜	褫
𧚦	褋
𧚰	綴
𧚴	襁
𧚺	褷
𧛠	裓
𧛥	褠
𧛦	囊
𧛨	裔
𧛪	𧜅
𧛫	𧛞
𧛲	𧜟
𧛳	𧚎
𧜪	襃
𧜭	䙱
𧜮	襊
𧝅	毾
𧞁	䙣
𧞓	𪗋
𧞟	襜
𧞢	緷
𧞬	襳
𧞱	表
𧞲	襫
𧞼	褰
𧟍	𧞞
𧟏	袞
𧟐	襺
𧟖	衫
𧟤	𧟨
𧟩	覃
𧟯	虧
𧟲	霸
𧟳	霸
𧟴	庚
𧟶	霸
𧟽	罷
𧟿	聖
𧠄	覉
𧠇	兒
𧠏	𧠞
𧠑	覒
𧠙	𧠘
𧠡	𧠉
𧠢	覻
𧠨	覛
𧠵	𧠎
𧠻	䙹
𧡐	䚐
𧡘	親
𧡛	䚅
𧡷	覞
𧡽	賴
𧢎	𧢜
𧢏	𧡋
𧢓	覹
𧢫	𧢦
𧢮	䚕
𧢯	𧢰
𧢴	䚘
𧣂	觤
𧣈	觸
𧣉	𧢼
𧣍	𧣁
𧣎	觝
𧣐	𧢾
𧣔	觷
𧣗	觚
𧣘	𧢿
𧣜	觝
𧣨	觶
𧣯	觢
𧣱	𧣼
𧣻	𧣒
𧣽	觿
𧤄	𧣶
𧤅	觱
𧤇	䚢
𧤈	䚢
𧤋	彝
𧤔	䚨
𧤚	𧤀
𧤜	𧤒
𧤝	觓
𧤦	䚩
𧤧	𧣾
𧤩	䚪
𧤫	𧣾
𧤬	𧤗
𧤱	觪
𧥀	觱
𧥁	觿
𧥂	䚧
𧥗	𧥖
𧥘	觸
𧥠	訄
𧥨	詍
𧥪	訮
𧥫	訰
𧥯	𧥮
𧦏	訰
𧦒	詆
𧦗	䚻
𧦘	誷
𧦙	訩
𧦚	詆
𧦣	佞
𧦩	𧩹
𧧁	䛄
𧧍	哂
𧧎	𠱚
𧧗	詾
𧧙	誥
𧧡	訟
𧧫	詆
𧧰	䛗
𧧱	錄
𧧳	誇
𧧴	譀
𧧽	𧥹
𧨙	誂
𧨝	詗
𧨞	謑
𧨠	𧩮
𧨫	䛭
𧨬	諀
𧨭	監
𧨮	𧧆
𧨯	諜
𧨱	詆
𧨽	詂
𧩀	謻
𧩐	諕
𧩑	諝
𧩛	詢
𧩜	諜
𧩞	諏
𧩟	謥
𧩢	訾
𧩤	詯
𧩩	𧩨
𧩪	謥
𧩵	辯
𧩷	䛄
𧩽	諄
𧪀	譸
𧪁	詑
𧪆	訶
𧪔	辨
𧪖	誡
𧪗	䛽
𧪛	䛩
𧪲	𧧆
𧫋	𧪜
𧫐	諝
𧫒	諕
𧫔	𧧺
𧫖	讄
𧫩	謾
𧫸	詖
𧬃	譅
𧬅	譇
𧬎	讈
𧬐	譳
𧬔	諅
𧬜	𧬊
𧬝	𧬧
𧬟	訾
𧬭	諣
𧬿	䛽
𧭀	𧧸
𧭋	𧭟
𧭐	譺
𧭑	𧬮
𧭛	譶
𧭡	䜕
𧭢	讜
𧭧	謶
𧭬	詿
𧮀	辯
𧮃	讌
𧮇	䜕
𧮊	𧮓
𧮎	𧮈
𧮐	讔
𧮘	諢
𧮚	䜕
𧮛	謧
𧮥	喧
𧯂	𧯁
𧯐	䜱
𧯚	豆
𧯢	𧯷
𧯧	塏
𧯪	豍
𧯮	豐
𧯳	豌
𧯸	䜼
𧯹	䜾
𧰭	豘
𧰶	豛
𧰼	象
𧱍	䝋
𧱑	豠
𧱔	豚
𧱕	豛
𧱛	䝒
𧱞	䝐
𧱟	豤
𧱭	䝋
𧱱	豥
𧱶	鳳
𧱿	𧴄
𧲀	豣
𧲉	𧲜
𧲎	𧲍
𧲏	豩
𧲑	䝐
𧲓	豵
𧲔	𧲝
𧲚	䝐
𧲞	𧲝
𧲩	𧴘
𧲪	貈
𧲲	狐
𧳒	貌
𧳖	貌
𧳯	豬
𧳲	貒
𧳳	猰
𧴏	貈
𧴔	貍
𧴟	𧴂
𧴫	得
𧴵	貿
𧴷	貶
𧵇	貾
𧵐	賦
𧵑	𧵎
𧵜	頂
𧵤	財
𧵩	責
𧵯	䨈
𧵰	貨
𧵲	𧵍
𧵾	脉
𧶅	賄
𧶉	賓
𧶋	𦛖
𧶌	責
𧶎	賓
𧶛	賚
𧶡	密
𧶣	賦
𧶩	購
𧶪	貴
𧶴	賭
𧶹	甖
𧷔	齎
𧷤	賾
𧷨	賣
𧷲	賦
𧸄	財
𧸋	貴
𧸑	贈
𧸯	遺
𧸷	贕
𧸸	贍
𧹀	𧸅
𧹇	𨲴
𧹚	𧹙
𧹧	䞔
𧹯	煉
𧹷	𧹲
𧹸	䞕
𧺄	燈
𧺇	赳
𧺦	趆
𧻃	趣
𧻧	𧻀
𧻫	趨
𧻽	趣
𧼝	趣
𧼞	𧽸
𧼟	𧻙
𧼥	䞾
𧼦	叛
𧼶	𧼰
𧽁	𧼪
𧽂	趏
𧽕	臻
𧽝	遘
𧽯	䟅
𧽰	䟂
𧽳	𧾢
𧾋	䟃
𧾟	趯
𧿍	企
𧿜	躡
𧿣	奔
𧿦	䟘
𧿶	跎
𧿾	跨
𨀣	企
𨀶	旡
𨀷	跘
𨁓	跳
𨁜	趺
𨁣	跨
𨁵	跗
𨂏	蹀
𨂑	𨂜
𨂓	𨃘
𨂶	蹏
𨃧	蹻
𨃮	𨃥
𨄧	䠟
𨄨	𨅚
𨄩	𨄑
𨄪	蹄
𨄫	踰
𨄬	蹷
𨄭	蹗
𨅈	蹀
𨅕	𨅔
𨅛	䠱
𨅟	𨄏
𨅠	跪
𨅡	躊
𨅦	踖
𨅧	䠨
𨅲	䎡
𨅴	蹯
𨅵	踏
𨅶	躁
𨆉	踼
𨆑	躓
𨆛	鈍
𨆜	𨆌
𨆫	疐
𨆳	躠
𨇐	履
𨇨	躠
𨇫	蹮
𨇭	蹷
𨈃	顚
𨈏	牙
𨈐	厥
𨈑	厥
𨈔	𨊍
𨈞	服
𨈢	躿
𨈴	躳
𨈵	跛
𨈼	孕
𨉀	䠸
𨉂	聘
𨉃	姙
𨉉	𨈚
𨉍	貌
𨉔	軇
𨉗	軉
𨉛	射
𨉦	體
𨉮	𨈚
𨉰	躴
𨉵	𨉒
𨉺	窮
𨊇	𨉒
𨊎	𨊓
𨊒	獨
𨊕	𡣕
𨊖	軁
𨊗	𨊍
𨊯	軘
𨊴	軙
𨋆	軧
𨋇	軧
𨋎	軫
𨋏	軫
𨋓	硨
𨋻	吃
𨋼	斡
𨌇	軸
𨌖	輯
𨌡	𨋖
𨌦	䡟
𨌮	軧
𨌱	𨋬
𨌵	𨌊
𨍀	輊
𨍁	𨌅
𨍂	揮
𨍃	𨌅
𨍉	𨍈
𨍍	輧
𨍔	轂
𨍟	輜
𨍣	輯
𨍻	輦
𨎄	轎
𨎅	輬
𨎕	轗
𨎘	輊
𨎙	輹
𨎜	輜
𨎲	輅
𨎵	輯
𨎸	楘
𨎾	轒
𨏀	𨏥
𨏁	轍
𨏇	䡨
𨏎	衡
𨏕	䡫
𨏘	䡽
𨏣	轍
𨏤	軫
𨏯	轡
𨏰	𨍩
𨏸	𨎹
𨏾	䡾
𨐕	𨐔
𨐜	辢
𨐾	辨
𨑀	辜
𨑁	興
𨑂	譶
𨑇	農
𨑍	軌
𨑏	𩛓
𨑐	迄
𨑒	徒
𨑓	起
𨑔	起
𨑖	起
𨑞	迍
𨑟	𨑑
𨑢	從
𨑧	退
𨑵	迄
𨑷	迅
𨒈	遟
𨒌	征
𨒎	遄
𨒏	迹
𨒑	毫
𨒚	䢐
𨒝	𨑩
𨒤	𧺼
𨒥	後
𨒯	逃
𨓅	貌
𨓆	退
𨓉	邊
𨓖	逃
𨓘	逌
𨓙	邊
𨓝	遞
𨓤	退
𨓬	遝
𨓶	避
𨓺	過
𨓻	逮
𨓽	淸
𨓾	隤
𨔀	𨑭
𨔄	遞
𨔅	迪
𨔗	迦
𨔪	運
𨔬	達
𨔭	迾
𨔰	遷
𨔱	遂
𨔲	遂
𨕍	赴
𨕏	奩
𨕑	𨔛
𨕔	還
𨕟	厠
𨕠	迮
𨕡	造
𨕤	及
𨕩	送
𨕷	𧼰
𨕸	違
𨖇	遄
𨖞	還
𨖟	邀
𨖠	徧
𨖡	遁
𨖣	嗀
𨖤	𨑭
𨖥	遮
𨖸	遠
𨖹	邇
𨖽	遺
𨗀	逪
𨗒	霆
𨗓	噵
𨗔	遺
𨗗	逋
𨗘	遪
𨗙	𨓁
𨗤	德
𨗫	憂
𨗬	徙
𨗯	遨
𨗺	遷
𨗻	逮
𨗼	帶
𨗽	遙
𨘈	撻
𨘊	遵
𨘑	連
𨘒	遱
𨘓	擷
𨘠	遱
𨘪	輦
𨘫	逵
𨘬	遞
𨘭	遯
𨘮	𨘂
𨘰	奩
𨘺	𨙂
𨘿	隤
𨙁	邈
𨙃	𨙂
𨙆	遁
𨙑	匱
𨙕	逭
𨙗	邁
𨙞	𨙙
𨙟	進
𨙤	靉
𨙧	鷸
𨙲	邨
𨚊	邩
𨚋	邩
𨚏	邸
𨚐	邟
𨚒	𨙹
𨚖	𨝳
𨚗	那
𨚛	郀
𨚠	邯
𨚥	郤
𨚨	郈
𨚬	邱
𨚭	鄪
𨚻	耆
𨚼	都
𨚽	𨚶
𨚿	刪
𨛁	邦
𨛃	鄒
𨛄	鄒
𨛛	𨛤
𨛝	邦
𨛞	𨚳
𨛿	聚
𨜁	都
𨜂	䣊
𨜃	𨜷
𨜅	敧
𨜆	郀
𨜈	鄹
𨜚	𨞄
𨜣	𨜒
𨜤	𨜷
𨜥	酈
𨜧	䘏
𨜪	郤
𨝇	邼
𨝉	䣔
𨝝	𨝌
𨝠	𨝋
𨝥	郎
𨞀	鄭
𨞁	鄰
𨞂	酄
𨞃	黎
𨞖	酃
𨞤	鄶
𨞮	聚
𨞯	鄸
𨞱	䣘
𨞳	劓
𨟀	𨛫
𨟅	𨟄
𨟌	鄩
𨟔	𨞼
𨟛	𨞜
𨟞	都
𨟤	鄜
𨟨	鄂
𨟫	酈
𨟯	酃
𨟰	䘏
𨟷	醅
𨟺	湎
𨟼	䴚
𨟿	𨠦
𨠀	醐
𨠂	醐
𨠇	斟
𨠈	𨠦
𨠊	酒
𨠎	醽
𨠏	醍
𨠕	醟
𨠢	𨠒
𨡍	醓
𨡔	嘗
𨡕	𨢡
𨡘	𨡐
𨡠	醑
𨡣	𨡎
𨡩	醱
𨡪	酏
𨡳	飮
𨡵	𨣘
𨡷	醐
𨡻	䤇
𨢁	食
𨢍	嗜
𨢏	𦙫
𨢙	䤏
𨢚	醝
𨢛	醡
𨢥	䤍
𨢬	酴
𨢭	酥
𨢰	𨢮
𨢵	祭
𨢶	烹
𨢹	𦙫
𨢺	醑
𨢽	酸
𨢾	醹
𨣎	鹽
𨣐	醮
𨣑	酵
𨣓	醯
𨣖	醽
𨣜	醡
𨣠	醳
𨣡	莤
𨣣	醝
𨣭	𨡮
𨣮	醡
𨣲	䤘
𨣺	酥
𨣿	醾
𨤄	𨣇
𨤊	釂
𨤍	醽
𨤏	播
𨤓	眷
𨤦	量
𨤭	釐
𨤺	釐
𨥄	金
𨥌	鉹
𨥍	銎
𨥐	釚
𨥑	礦
𨥒	鈞
𨥢	銎
𨥩	鈐
𨥹	鉋
𨦅	鎩
𨦙	銐
𨦜	鉾
𨦝	釽
𨦬	銴
𨦰	鏐
𨦱	鏦
𨦲	鉣
𨧙	鋦
𨧫	剚
𨧬	𨥳
𨧮	䥸
𨧯	鉈
𨧲	鍱
𨧶	鉣
𨨸	䥰
𨨻	鏺
𨨽	鍛
𨨾	證
𨩬	鐭
𨩹	𨥲
𨪑	鏟
𨪖	琴
𨫐	銍
𨫓	鐵
𨫻	錘
𨫽	鏵
𨬃	鏓
𨬄	鋄
𨬏	鑗
𨬑	鎘
𨬓	鉞
𨬘	鍱
𨬙	鏑
𨬛	校
𨭄	飴
𨭕	鐙
𨭘	繩
𨭙	鍵
𨭛	鑞
𨭜	鏝
𨭝	鎩
𨭾	鑹
𨮀	鎚
𨮃	𨪐
𨮄	鑣
𨮓	鏷
𨮕	斲
𨮺	鑙
𨮼	鍼
𨮽	𨫼
𨮾	鑄
𨯔	鑘
𨯝	𨬍
𨰅	䥝
𨰋	𨦂
𨰌	鍧
𨰎	鈿
𨰑	銚
𨰤	鑠
𨱞	髦
𨱢	髦
𨱴	路
𨱶	𨱵
𨱷	镻
𨲃	鬃
𨲔	𨲇
𨲚	聖
𨲛	鬘
𨲝	髭
𨲡	髻
𨲥	𨲋
𨲦	髭
𨲨	鏟
𨲶	䦋
𨲺	𩯭
𨲼	镾
𨲾	鬘
𨳃	鬤
𨳄	䰖
𨳅	𨳁
𨳖	𨴖
𨳜	𨳚
𨳢	閒
𨳾	祐
𨴔	關
𨴝	闡
𨴟	𨴖
𨴠	閦
𨴧	閦
𨴸	闕
𨴿	闊
𨵀	閻
𨵁	閻
𨵑	開
𨵓	闢
𨵗	闕
𨵷	閶
𨵹	開
𨶄	閵
𨶘	開
𨶝	塾
𨶡	誾
𨷕	䦱
𨷙	塾
𨷫	鐫
𨷳	𨷓
𨸬	𨻰
𨸳	𨹃
𨸿	岯
𨹇	盜
𨹓	降
𨹕	陀
𨹢	陘
𨹶	隮
𨹷	隮
𨹼	陛
𨹿	隆
𨺀	砰
𨺂	陷
𨺃	陶
𨺄	陘
𨺆	𨻳
𨺪	陲
𨺯	隈
𨺵	隊
𨻃	陫
𨻄	隉
𨻉	𨹜
𨻐	地
𨻑	隖
𨻔	陰
𨻕	隮
𨻘	陛
𨻦	隆
𨻪	𨻎
𨻶	隙
𨻸	隰
𨻹	隘
𨻽	隰
𨼖	陰
𨼗	陽
𨼙	䧨
𨼰	隓
𨽁	陬
𨽂	䧤
𨽎	墜
𨽑	𨻳
𨽟	隤
𨽡	隧
𨽪	隘
𨽮	𢌐
𨽶	畫
𨽽	肄
𨾁	隸
𨾋	鳲
𨾍	隿
𨾐	鴇
𨾜	售
𨾝	𩾿
𨾣	鶩
𨾬	𨾭
𨾮	奞
𨿆	鴱
𨿉	雛
𨿎	鶪
𨿘	雉
𨿞	售
𨿪	鵾
𩀐	鶞
𩀕	讎
𩀘	鷂
𩀙	難
𩀚	䳴
𩀝	雙
𩀡	難
𩁀	𩀿
𩁐	鷺
𩁒	鸉
𩁛	鶉
𩁡	𪇗
𩁢	難
𩁤	難
𩁧	逭
𩁬	難
𩁰	𥍊
𩁵	䨊
𩁹	雩
𩁼	雨
𩂇	𩃬
𩂵	電
𩂸	霃
𩃂	霰
𩃌	霕
𩃛	霒
𩃞	零
𩃸	靅
𩃿	電
𩄀	靈
𩄄	霽
𩄉	雹
𩄜	䨛
𩄤	霸
𩄧	霰
𩄪	霙
𩄫	霆
𩄭	窹
𩄮	䨴
𩅆	䨴
𩅉	𩅧
𩅎	電
𩅏	電
𩅐	霤
𩅒	雹
𩅓	覈
𩅟	雹
𩅥	䨴
𩅩	靋
𩅲	霴
𩅶	零
𩅷	霮
𩅾	霮
𩆃	𩆂
𩆉	震
𩆔	𩅀
𩆖	零
𩆗	雹
𩆥	霰
𩆰	䨴
𩆱	虨
𩆺	羈
𩇂	𩆹
𩇈	𩆿
𩇌	雹
𩇗	天
𩇧	卯
𩇨	卯
𩇰	瑟
𩇸	靠
𩇺	䨿
𩈄	𩈇
𩈊	𩈉
𩈌	𩈉
𩈖	𩈣
𩈝	𩈶
𩈟	皺
𩈨	𩒺
𩈿	𩈷
𩉂	靨
𩉉	帢
𩉊	靦
𩉋	慈
𩉌	䩋
𩉑	䩋
𩉖	𩔁
𩉗	𩉘
𩉚	䩋
𩉟	䩐
𩉣	𩋠
𩉦	鞃
𩉩	𩉨
𩉫	䩛
𩉲	𩉨
𩉳	𩉜
𩉻	𩉺
𩊈	靾
𩊋	鞄
𩊞	𩊝
𩊥	皺
𩊩	𩉧
𩊲	鞉
𩊹	韜
𩋋	韉
𩋐	𩌰
𩋑	鞢
𩋓	𩌄
𩋘	鞋
𩋛	靾
𩋫	𩋢
𩋱	軒
𩌋	𩍓
𩌐	鞳
𩌛	鞞
𩌭	𩍪
𩌱	䩳
𩌹	韅
𩌽	鞠
𩌿	鞉
𩍂	鞄
𩍇	鞾
𩍋	𩍊
𩍑	𩌰
𩍕	靼
𩍟	靷
𩍨	鞼
𩍮	䩸
𩍾	鞼
𩎀	鞬
𩎄	氈
𩎅	鞬
𩎈	𩎑
𩎋	靷
𩎝	𩎺
𩎡	𩎛
𩎪	因
𩎫	𩊜
𩎬	韝
𩎯	𩏏
𩎰	韢
𩏁	韘
𩏃	韛
𩏋	韜
𩏎	韝
𩏐	𩏡
𩏔	𩍓
𩏕	韛
𩏢	𩏶
𩏮	䪔
𩏲	韢
𩏸	𩏶
𩐄	季
𩐇	𩐊
𩐋	𩐊
𩐍	自
𩐔	好
𩐖	季
𩐢	響
𩐹	𩐵
𩐺	䪫
𩑥	䫒
𩑩	頪
𩑪	頤
𩒈	䪾
𩒉	䪾
𩒌	頮
𩒒	頋
𩒜	躱
𩒢	𩑰
𩒦	䪿
𩒧	𢄼
𩒪	𩒯
𩒫	𣢮
𩒹	䫇
𩓃	賴
𩓅	谾
𩓆	𩓥
𩓑	䫁
𩓒	𢋞
𩓡	𩓠
𩓣	須
𩓭	䯽
𩓸	𩓠
𩔔	顒
𩔛	𩕇
𩔣	𩕇
𩔷	𩔶
𩔺	顱
𩔻	䯽
𩔽	𩕲
𩕂	憂
𩕋	𩕳
𩕎	履
𩕓	預
𩕞	䫩
𩕦	𩖀
𩕩	𩕢
𩕫	儚
𩕮	願
𩖜	𩖛
𩖡	飆
𩖨	䬍
𩖬	颫
𩖮	𩖣
𩖰	𩖣
𩖳	夏
𩗁	颯
𩗇	𩘋
𩗉	𩗞
𩗖	𩗬
𩗝	虺
𩗮	颸
𩗸	䬌
𩘁	𩗬
𩘆	䫾
𩘐	䬍
𩘕	𩘑
𩘚	颹
𩘡	𩗅
𩘥	颽
𩘦	颼
𩘷	飂
𩘸	飂
𩘿	䬞
𩙁	䬝
𩙂	飉
𩙃	𠑒
𩙅	𩘻
𩙆	𩘽
𩙈	颾
𩙓	𩙛
𩚁	食
𩚂	饐
𩚍	飾
𩚎	飢
𩚓	饕
𩚕	飮
𩚘	䬲
𩚚	𩚬
𩚞	䬫
𩚣	𩚵
𩚨	䬫
𩚪	餌
𩚳	飯
𩚷	粒
𩚸	飻
𩚺	飻
𩚿	飫
𩛀	䬫
𩛁	飽
𩛉	饎
𩛌	䭄
𩛍	䭔
𩛐	𩚯
𩛩	𩚲
𩛮	飴
𩛯	𩚱
𩛾	餯
𩜂	饎
𩜄	𩚬
𩜈	飫
𩜉	䬷
𩜌	𩚴
𩜐	䬣
𩜓	飾
𩜕	飽
𩜮	饎
𩜴	餈
𩜻	饕
𩜿	飽
𩝁	饌
𩝂	餴
𩝘	餕
𩝙	嗜
𩝤	䬼
𩝦	齋
𩝧	𩛢
𩝴	𩝫
𩝵	饕
𩝾	饟
𩞇	𩞁
𩞌	餗
𩞍	餗
𩞎	饉
𩞏	䭕
𩞐	𩞆
𩞚	饜
𩞡	饎
𩞢	䭉
𩞣	饕
𩞪	餪
𩞫	飴
𩞲	䭙
𩞵	餬
𩞺	𩟨
𩞼	𩞀
𩟆	䭉
𩟋	贍
𩟖	饞
𩟗	䭕
𩟘	烝
𩟛	餺
𩟥	臇
𩟪	饡
𩟰	飥
𩠑	頂
𩠕	髮
𩠗	頰
𩠙	髮
𩠞	𩠝
𩠤	黼
𩠥	𩠜
𩠦	𩠜
𩠬	首
𩠲	馘
𩠿	䭱
𩡀	䭱
𩡈	𩡡
𩡊	馥
𩡑	馥
𩡘	馥
𩡚	馤
𩡪	䭴
𩡱	䭻
𩡳	馽
𩡵	𩡰
𩡸	獅
𩡹	䭿
𩡻	騕
𩡼	騈
𩡽	壯
𩢐	馲
𩢜	駗
𩢝	騈
𩢧	䮃
𩢵	驝
𩢺	駽
𩣃	𩤘
𩣅	𩢹
𩣌	䮃
𩣐	𩣇
𩣒	騮
𩣗	𩢳
𩣙	䮢
𩣛	駣
𩣟	𩡾
𩣠	𩡾
𩣭	驄
𩣺	𩦥
𩣽	驧
𩣾	駝
𩤓	𩣹
𩤝	騖
𩤢	騠
𩤨	駸
𩤪	䮢
𩤫	䮻
𩤻	騱
𩥒	𩣇
𩥓	𩥅
𩥖	騮
𩥞	𩥂
𩥢	騩
𩥱	騰
𩦃	𩦂
𩦍	䮵
𩦎	騑
𩦜	騰
𩦞	𩢛
𩦟	騤
𩦣	騧
𩦦	髒
𩦧	鬘
𩦳	䮾
𩦸	驥
𩦺	𩥃
𩦼	駱
𩦽	駘
𩦾	驃
𩧃	𩢾
𩧈	䮷
𩧎	驨
𩧐	驝
𩧞	𩧋
𩧥	驢
𩨗	骬
𩨟	骹
𩨤	骶
𩨪	骱
𩨫	閫
𩨱	骴
𩨷	𩨭
𩨺	骯
𩩆	𩨭
𩩊	頷
𩩙	髀
𩩚	髀
𩩱	髂
𩩵	骺
𩩸	勒
𩩽	骺
𩩾	䯌
𩪄	髓
𩪅	髀
𩪆	體
𩪏	髓
𩪑	鏁
𩪒	髊
𩪕	𩪋
𩪚	髎
𩪪	𩩳
𩪷	髓
𩪹	䯣
𩫃	墉
𩫊	塔
𩫎	𩫕
𩫦	髞
𩫱	墉
𩫷	髦
𩬃	髮
𩬉	䯰
𩬋	䯱
𩬘	𩯨
𩬲	鬄
𩬴	䯱
𩬻	𮫄
𩭃	髽
𩭈	鬘
𩭍	䯽
𩭘	髤
𩭚	髤
𩭤	𩮀
𩭼	𩬽
𩮆	𩮜
𩮡	䰒
𩮣	鬋
𩮰	𩮀
𩮲	鏟
𩮺	鬘
𩮽	𩯏
𩯎	鬇
𩯑	鬖
𩯠	䰓
𩯤	氊
𩯧	𩮳
𩯿	鬞
𩰅	鬇
𩰏	𩰟
𩰐	𩰞
𩰑	鬭
𩰒	鬭
𩰓	鬨
𩰔	琴
𩰕	鬩
𩰧	爵
𩰨	爵
𩰬	𩰫
𩰼	鬷
𩰿	鬵
𩱁	羹
𩱃	𩱡
𩱉	鬴
𩱐	鬺
𩱖	鬻
𩱟	粥
𩱠	鬵
𩱣	𩰾
𩱤	𩱡
𩱥	𩱳
𩱨	𩱜
𩱰	䰞
𩱿	鬽
𩲀	鬽
𩲈	鬽
𩲑	鬽
𩲘	耄
𩲙	魁
𩲛	魍
𩲜	𩲏
𩲝	魅
𩲞	鬼
𩲡	鬼
𩲥	䰡
𩲫	䰡
𩲳	𩲣
𩲶	魑
𩲼	䰧
𩲿	鬽
𩳂	䰡
𩳉	鬼
𩳑	𩴑
𩳖	𩳵
𩳟	魅
𩳠	魊
𩳪	魅
𩳭	魁
𩳮	魎
𩳰	䰧
𩳷	𩏡
𩴊	𩴑
𩴎	魅
𩴛	虛
𩴢	䰬
𩴶	䰰
𩴷	䰯
𩴸	𩴱
𩴿	鬼
𩵁	𩵀
𩵤	𩷍
𩵧	鯕
𩵨	魫
𩵪	鱀
𩵯	魱
𩵶	魭
𩵷	𩶅
𩶃	䱏
𩶋	䱕
𩶨	魾
𩶪	𩶅
𩶬	鰣
𩶮	鮬
𩶽	鮤
𩷃	鰠
𩷔	𩺵
𩷺	鮒
𩷾	鮨
𩷿	鮀
𩸅	鮒
𩸆	䱒
𩸉	鮍
𩸖	𩸋
𩸠	䱬
𩸿	鱍
𩹃	䱮
𩹆	䱠
𩹋	䱱
𩹒	鮤
𩹣	鮡
𩹻	魮
𩹽	鰋
𩺃	䱹
𩺅	鯔
𩺆	鮓
𩺙	鱎
𩺚	䱞
𩺜	鰡
𩺳	鯊
𩺴	鰻
𩺶	䲌
𩺺	鱀
𩺻	鰪
𩺼	鯆
𩺽	鰒
𩻉	䲀
𩻋	鯤
𩻍	鳚
𩻙	鱷
𩻞	鱬
𩻠	鰻
𩻡	鮦
𩻣	䱠
𩼆	鯉
𩼇	䱗
𩼍	𩻼
𩼏	䲊
𩼐	䲊
𩼘	鱵
𩼞	鯉
𩼠	䲒
𩼡	鰲
𩼥	䱡
𩼼	鱣
𩽘	䱡
𩽚	鰴
𩽣	鱴
𩾏	焉
𩾓	𩾒
𩾜	鳨
𩾝	鳱
𩾦	鴈
𩿆	𩾥
𩿌	𩿞
𩿒	鴟
𩿖	鸖
𩿗	鴉
𩿜	䴅
𩿦	䳅
𩿨	鴟
𩿭	䳙
𩿮	鶵
𩿸	䲾
𪀀	鴇
𪀁	鴐
𪀋	鴨
𪀌	鴨
𪀏	𩿝
𪀨	鴉
𪀪	鵂
𪀫	雛
𪀸	𪀦
𪀽	𪀠
𪁨	鴨
𪁩	雉
𪁭	鵏
𪂁	鴓
𪂃	鵯
𪂊	鴕
𪂏	𪁹
𪂔	𩿈
𪂝	鶇
𪂞	𪁹
𪂟	䳤
𪂡	鵬
𪂥	𪂀
𪂪	𪂋
𪂸	鷫
𪂻	䳺
𪂿	鶗
𪃀	𪆹
𪃔	𪃯
𪃘	鳶
𪃦	𪃐
𪃧	𪃐
𪃿	𪀉
𪄄	鵰
𪄘	鷮
𪄛	𪃼
𪄞	鶵
𪄰	𪄋
𪄼	鷕
𪅀	𪄿
𪅍	鷘
𪅖	𪄻
𪅡	鷚
𪅯	鴻
𪅸	𪃈
𪆅	鷦
𪆇	𪇘
𪆈	䳿
𪆍	鳳
𪆗	𪆁
𪆫	𪆂
𪆭	鷫
𪆵	𪀦
𪆺	渠
𪆼	鸓
𪆾	鶉
𪇆	鸀
𪇊	鸊
𪇔	鶿
𪇸	鷺
𪇺	鵹
𪇼	難
𪈁	𪇳
𪈄	鷸
𪈛	𪇴
𪈝	䴒
𪈟	𪈙
𪈢	鵴
𪈦	鸓
𪈮	𪈿
𪈹	鸝
𪉖	塷
𪉚	接
𪉟	鹽
𪉡	䴚
𪉩	鹽
𪉰	𪉘
𪉳	鹹
𪉺	䊲
𪊋	麂
𪊑	𪊑
𪊓	麐
𪊔	麒
𪊛	麀
𪊫	𪋐
𪊬	表
𪊯	牝
𪊱	𪊭
𪋈	麛
𪋋	甁
𪋎	麀
𪋔	麖
𪋕	虎
𪋘	麗
𪋠	麖
𪋣	𪋯
𪋧	麝
𪋳	𪋚
𪋷	麟
𪋸	麛
𪌑	熬
𪌒	夌
𪌕	𪍑
𪌗	麴
𪌬	麴
𪌯	𪍛
𪌲	麴
𪌸	麰
𪍃	䴯
𪍉	麨
𪍍	𪌘
𪍐	𪍛
𪍘	𪍓
𪍜	𪌈
𪍞	糒
𪍥	𪍠
𪍨	䵀
𪍫	麰
𪍬	莎
𪍰	䴾
𪍽	𪍻
𪍾	䵅
𪎂	麳
𪎓	靡
𪎧	𪎥
𪎪	黀
𪎰	黂
𪏑	𪏓
𪏚	𪏔
𪏡	斢
𪏧	䵏
𪏯	黎
𪏹	𪏻
𪐉	𪏻
𪐑	黐
𪐙	𪒢
𪐜	黫
𪐠	黗
𪐪	䵣
𪐫	黑
𪐳	𪐲
𪐹	䵳
𪑁	黟
𪑍	澱
𪑔	𪒏
𪑘	𪑧
𪑛	黴
𪑞	𪑧
𪒁	黧
𪒃	𪑝
𪒈	黭
𪒋	𪒀
𪒐	𪒄
𪒖	𪑭
𪒚	黧
𪒞	黶
𪒧	黵
𪓒	黿
𪓖	黽
𪓞	䵶
𪓟	䵶
𪓢	𪓬
𪓤	䵷
𪓥	𪓬
𪓨	鼂
𪓯	𪓬
𪓱	䵴
𪓲	鼂
𪓵	𪓰
𪓸	鼉
𪓾	鼇
𪔂	鼎
𪔄	鼒
𪔈	妘
𪔤	𪔪
𪔥	鼘
𪔨	鼓
𪔮	䶀
𪔯	鼜
𪔱	鼝
𪔵	鼖
𪔸	鼦
𪔻	鼨
𪕄	鼨
𪕉	𪕮
𪕏	鼬
𪕑	𪕊
𪕗	𪕓
𪕘	䶅
𪕛	䶃
𪕜	鼯
𪕱	𪕮
𪕵	鼭
𪕸	𪕷
𪕺	䶂
𪕽	鼶
𪖃	𪕷
𪖅	鼢
𪖏	鼩
𪖒	鼽
𪖖	鼽
𪖡	鼿
𪖤	鼿
𪖧	𪖼
𪖨	䶎
𪖮	嚏
𪖰	嚏
𪖵	齆
𪖻	齅
𪖽	𪖼
𪖾	𪖕
𪗊	䶩
𪗌	臍
𪗘	齧
𪗚	齕
𪗛	齞
𪗠	齔
𪗡	齩
𪗣	齘
𪗥	齔
𪗯	齗
𪗶	齜
𪗿	䶛
𪘄	齦
𪘅	齧
𪘉	𬹵
𪘋	𪘲
𪘏	齪
𪘔	掣
𪘖	齧
𪘘	䶝
𪘜	𪘨
𪘡	齹
𪘩	齳
𪘬	𪘫
𪘮	齪
𪘰	齶
𪘴	齺
𪘷	齭
𪘸	齱
𪘽	齶
𪙁	䶥
𪙃	齵
𪙆	切
𪙉	齹
𪙑	𪙌
𪙒	𪘾
𪙓	齧
𪙘	䶩
𪙚	齛
𪙜	𪗻
𪙥	齥
𪙬	䑛
𪙮	齰
𪙵	䶥
𪙶	䑛
𪙻	䶪
𪚄	𪚁
𪚋	齾
𪚒	龏
𪚕	龕
𪚜	䶬
𪚞	龓
𪚟	䶬
𪚦	龜
𪚧	龜
𪚨	龜
𪚫	𪚮
𪚱	𪚰
𪚵	𪚭
𪚼	秋
𪚽	䶱
𪚾	貝
𪚿	龜
𪛋	唱
𪛍	𪛌
𪛐	䶴
𪛓	龣
𪛔	䶵
𪜠	抗
𪠬	𠭖
𪳝	槱
𫐁	轚
𫤳	韎
𫦚	𦸕
𫬯	襄
𫭒	𡈘
𫵮	丰
𫶩	偰
𫷃	亦
𬆖	𣨐
𬇌	氒
𬋖	爇
𬙡	箕
𬜀	𦦼
𬜒	舤
𬞤	萹
𮉝	𦇭
𮊌	𦋟
冤	冤
冬	冬
剆	剆
卽	卽
卿	卿
咞	咞
噴	噴
埴	埴
型	型
堲	堲
㛮	㛮
㛼	㛼
寃	寃
寘	寘
幩	幩
庰	庰
形	形
悁	悁
𢛔	懶
惇	惇
慌	慌
扝	扝
撝	撝
桒	桑
櫛	櫛
㱎	㱎
滇	滇
濆	濆
牐	牐
犀	犀
𤠔	猨
瑜	瑜
異	異
䀈	䀈
直	直
睊	睊
瞋	瞋
𥥼	𥥼
䈂	䈂
糣	糣
𥾆	糾
䍙	䍙
䑫	䑫
茣	茣
𦾱	𦾱
虧	虧
蜎	蜎
䗗	䗗
蟡	蟡
蠁	蠁
䛇	䛇
諭	諭
𧲨	𧲨
𧼯	𧼯
跰	跰
輸	輸
郱	郱
䦕	䦕
䩶	䩶
頋	顧
飢	𩚬
鵧	鵧
𪃎	𪃎
鼅	鼅
𪘀	𪘀
