page_number,final_label,initial_label,character,chars_raw,romanization,occurrence_count,manchu_script,source_chunk
1,a,b,罷,罷,ba,74,ᠪᠠ,罷 ba 74
1,a,b,把,把,ba,25,ᠪᠠ,把 ba 25
1,a,b,巴,巴,ba,5,ᠪᠠ,巴 ba 5
1,a,b,吧,吧,ba,5,ᠪᠠ,吧 ba 5
1,a,p,怕,怕,pa,10,ᡦᠠ,怕 pa 10
1,a,p,跁,跁,pa,,ᡦᠠ,跁 pa
1,a,m,馬,馬,ma,14,ᠮᠠ,馬 ma 14
1,a,m,媽,媽,ma,3,ᠮᠠ,媽 ma 3
1,a,m,嗎,嗎,ma,,ᠮᠠ,嗎 ma
1,a,m,瑪,瑪,ma,,ᠮᠠ,瑪 ma
1,a,f,發,發,fa,6,ᡶᠠ,發 fa 6
1,a,f,法,法,fa,,ᡶᠠ,法 fa
1,a,f,乏,乏,fa,,ᡶᠠ,乏 fa
1,a,d,大,大,da,19,ᡩᠠ,大 da 19
1,a,d,答,答,da,9,ᡩᠠ,答 da 9
1,a,d,打,打,da,2,ᡩᠠ,打 da 2
1,a,t,他,他,ta,68,ᡨᠠ,他 ta 68
1,a,n,那,那,na,73,ᠨᠠ,那 na 73
1,a,n,拿,拿/挐,na,12,ᠨᠠ,拿 / 挐 na 12
1,a,n,挐,拿/挐,na,12,ᠨᠠ,拿 / 挐 na 12
1,a,l,拉,拉,la,7,ᠯᠠ,拉 la 7
1,a,z,雜,雜,dza,2,ᡯᠠ,雜 dza 2
1,a,s,撒,撒,sa,5,ᠰᠠ,撒 sa 5
1,a,zh,扎,扎,ja,,ᠵᠠ,扎 ja
1,a,ch,茶,茶,ca,5,ᠴᠠ,茶 ca 5
1,a,ch,差,差,ca,,ᠴᠠ,差 ca
1,a,sh,殺,殺,ša,3,ᡧᠠ,殺 ša 3
1,a,h,哈,哈,ha,2,ᡥᠠ,哈 ha 2
1,a,∅,阿,阿,a,107,ᠠ,阿 a 107
1,a,∅,啊,啊,a,58,ᠠ,啊 a 58
2,ia,j,家,家,giya,56,ᡤᡳᠶᠠ,家 giya 56
2,ia,j,假,假,giya,5,ᡤᡳᠶᠠ,假 giya 5
2,ia,j,甲,甲,giya,,ᡤᡳᠶᠠ,甲 giya
2,ia,j,駕,駕,giya,,ᡤᡳᠶᠠ,駕 giya
2,ia,j,价,价,giyai,,ᡤᡳᠶᠠᡳ,价 giyai
2,ia,x,下,下,hiya,17,ᡥᡳᠶᠠ,下 hiya 17
2,ia,y,呀,呀,ya,29,ᠶᠠ,呀 ya 29
2,ia,y,壓,壓,ya,,ᠶᠠ,壓 ya
2,ia,y,亜,亜,ya,,ᠶᠠ,亜 ya
2,ua,g,寡,寡,guwa,2,ᡤᡠᠸᠠ,寡 guwa 2
2,ua,g,瓜,瓜,guwa,2,ᡤᡠᠸᠠ,瓜 guwa 2
2,ua,g,刮,刮,guwa,2,ᡤᡠᠸᠠ,刮 guwa 2
2,ua,g,挂,挂,guwa,,ᡤᡠᠸᠠ,挂 guwa
2,ua,g,褂,褂,guwa,,ᡤᡠᠸᠠ,褂 guwa
2,ua,g,掛,掛,guwa,,ᡤᡠᠸᠠ,掛 guwa
2,ua,k,誇,誇,kuwa,,ᡴᡠᠸᠠ,誇 kuwa
2,ua,h,話,話,hūwa,46,ᡥᡡᠸᠠ,話 hūwa 46
2,ua,h,花,花,hūwa,3,ᡥᡡᠸᠠ,花 hūwa 3
2,ua,h,化,化,huwa,2,ᡥᡠᠸᠠ,化 huwa 2
2,e,d,得,得,de,116,ᡩᡝ,得 de 116
2,e,t,特,特,te,7,ᡨᡝ,特 te 7
2,e,l,楽,楽,le,,ᠯᡝ,楽 le / lo
2,e,l,楽,楽,lo,,ᠯᠣ,楽 le / lo
2,e,l,勒,勒,le,,ᠯᡝ,勒 le
2,e,z,則,則,dze,,ᡯᡝ,則 dze
2,e,zh,這,這/这,je,141,ᠵᡝ,這 / 这 je 141
2,e,zh,这,這/这,je,141,ᠵᡝ,這 / 这 je 141
2,e,zh,遮,遮,je,8,ᠵᡝ,遮 je 8
2,e,zh,者,者,je,6,ᠵᡝ,者 je 6
2,e,ch,扯,扯,ce,5,ᠴᡝ,扯 ce 5
2,e,ch,車,車,ce,,ᠴᡝ,車 ce
2,e,sh,射,射,še,3,ᡧᡝ,射 še 3
2,e,sh,捨,捨,še,,ᡧᡝ,捨 še
2,e,r,熱,熱,že,4,ᡰᡝ,熱 že 4
2,e,g,哥,哥,ge,110,ᡤᡝ,哥 ge 110
2,e,g,個,個/个,ge,70,ᡤᡝ,個 / 个 ge 70
2,e,g,个,個/个,ge,70,ᡤᡝ,個 / 个 ge 70
2,e,g,各,各,ge,2,ᡤᡝ,各 ge 2
2,e,g,隔,隔,ge,2,ᡤᡝ,隔 ge 2
2,e,g,割,割,ge,,ᡤᡝ,割 ge
2,e,k,可,可,ke,30,ᡴᡝ,可 ke 30
2,e,k,磕,磕,ke,2,ᡴᡝ,磕 ke 2
2,e,k,客,客,ke,2,ᡴᡝ,客 ke 2
2,e,k,克,克,ke,2,ᡴᡝ,克 ke 2
2,e,k,刻,刻,ke,,ᡴᡝ,刻 ke
2,e,k,殻,殻,keo,,ᡴᡝᠣ,殻 keo
2,e,h,呵,呵/喝,he,33,ᡥᡝ,呵 / 喝 he 33
2,e,h,喝,呵/喝,he,33,ᡥᡝ,呵 / 喝 he 33
2,e,h,合,合,he,24,ᡥᡝ,合 he 24
2,e,h,何,何,he,12,ᡥᡝ,何 he 12 / ho
2,e,h,何,何,ho,,ᡥᠣ,何 he 12 / ho
2,e,h,和,和,ho,2,ᡥᠣ,和 ho 2
2,e,h,賀,賀,ho,2,ᡥᠣ,賀 ho 2
2,e,∅,哦,哦,e,11,ᡝ,哦 e 11
2,e,∅,鵞,鵞,e,2,ᡝ,鵞 e 2
2,e,∅,悪,悪,e,,ᡝ,悪 e
2,e,∅,餓,餓,e,,ᡝ,餓 e
2,e,∅,額,額,e,,ᡝ,額 e
2,o,b,薄,薄,bo,,ᠪᠣ,薄 bo
2,o,p,破,破,po,3,ᡦᠣ,破 po 3
2,o,m,麼,麼,mo,166,ᠮᠣ,麼 mo 166
2,o,m,没,没,mu,69,ᠮᡠ,没 mu 69 / mo
2,o,m,没,没,mo,,ᠮᠣ,没 mu 69 / mo
2,o,m,莫,莫,mo,3,ᠮᠣ,莫 mo 3
2,o,m,磨,磨,mo,,ᠮᠣ,磨 mo
2,o,m,末,末,mo,,ᠮᠣ,末 mo
2,o,m,黙,黙,me,,ᠮᡝ,黙 me
2,uo,d,多,多,do,13,ᡩᠣ,多 do 13
2,uo,t,托,托,to,5,ᡨᠣ,托 to 5
2,uo,t,脱,脱,to,3,ᡨᠣ,脱 to 3
2,uo,t,陀,陀,to,,ᡨᠣ,陀 to
2,uo,n,挪,挪,no,5,ᠨᠣ,挪 no 5
2,uo,l,落,落,lo,2,ᠯᠣ,落 lo 2
2,uo,l,騾,騾,lo,,ᠯᠣ,騾 lo
2,uo,z,作,作,dzo,22,ᡯᠣ,作 dzo 22
2,uo,z,坐,坐,dzo,21,ᡯᠣ,坐 dzo 21
2,uo,z,昨,昨,dzo,5,ᡯᠣ,昨 dzo 5
2,uo,z,挫,挫,dzo,,ᡯᠣ,挫 dzo
2,uo,z,做,做,dzeo,,ᡯᡝᠣ,做 dzeo
2,uo,c,錯,錯,dzo,,ᡯᠣ,錯 dzo
2,uo,s,所,所,so,13,ᠰᠣ,所 so 13
2,uo,s,索,索,so,,ᠰᠣ,索 so
2,uo,s,梭,梭,so,,ᠰᠣ,梭 so
2,uo,zh,着,着,jo,118,ᠵᠣ,着 jo 118
2,uo,zh,卓,卓,jo,2,ᠵᠣ,卓 jo 2
2,uo,zh,桌,桌,jo,2,ᠵᠣ,桌 jo 2
2,uo,zh,酌,酌,jo,,ᠵᠣ,酌 jo
2,uo,sh,説,説,šo,137,ᡧᠣ,説 šo 137
2,uo,r,若,若,žo,104,ᡰᠣ,若 žo 104 / žu
2,uo,r,若,若,žu,,ᡰᡠ,若 žo 104 / žu
3,uo,g,過,過,g’o,21,ᡬᠣ,過 g’o 21
3,uo,g,果,果,g’o,3,ᡬᠣ,果 g’o 3
3,uo,h,或,或,ho,10,ᡥᠣ,或 ho 10 / he 5
3,uo,h,或,或,he,5,ᡥᡝ,或 ho 10 / he 5
3,uo,h,活,活,ho,3,ᡥᠣ,活 ho 3
3,uo,h,惑,惑,ho,2,ᡥᠣ,惑 ho 2
3,uo,h,火,火,ho,,ᡥᠣ,火 ho
3,uo,h,夥,夥,ho,,ᡥᠣ,夥 ho
3,uo,w,我,我,o,216,ᠣ,我 o 216 / we
3,uo,w,我,我,we,,ᠸᡝ,我 o 216 / we
3,ie,b,別,別,biye,48,ᠪᡳᠶᡝ,別 biye 48 / biyei 3
3,ie,b,別,別,biyei,3,ᠪᡳᠶᡝᡳ,別 biye 48 / biyei 3
3,ie,t,帖,帖,tiye,,ᡨᡳᠶᡝ,帖 tiye
3,ie,n,揑,揑,niye,,ᠨᡳᠶᡝ,揑 niye
3,ie,l,咧,咧,liye,44,ᠯᡳᠶᡝ,咧 liye 44 / liyei
3,ie,l,咧,咧,liyei,,ᠯᡳᠶᡝᡳ,咧 liye 44 / liyei
3,ie,j,結,結,giye,5,ᡤᡳᠶᡝ,結 giye 5 / giyei 2
3,ie,j,結,結,giyei,2,ᡤᡳᠶᡝᡳ,結 giye 5 / giyei 2
3,ie,j,借,借,giye,4,ᡤᡳᠶᡝ,借 giye 4
3,ie,j,口結,口結,giye,3,ᡤᡳᠶᡝ,口結 giye 3
3,ie,j,接,接,giye,3,ᡤᡳᠶᡝ,接 giye 3
3,ie,j,節,節,giye,3,ᡤᡳᠶᡝ,節 giye 3
3,ie,j,皆,皆,giyai,2,ᡤᡳᠶᠠᡳ,皆 giyai 2
3,ie,j,捷,捷,giyei,,ᡤᡳᠶᡝᡳ,捷 giyei
3,ie,j,戒,戒,g’ai,,ᡬᠠᡳ,戒 g’ai
3,ie,q,且,且,ciye,12,ᠴᡳᠶᡝ,且 ciye 12
3,ie,q,切,切,ciye,,ᠴᡳᠶᡝ,切 ciye
3,ie,x,些,些,hiye,23,ᡥᡳᠶᡝ,些 hiye 23
3,ie,x,寫,寫,hiye,4,ᡥᡳᠶᡝ,寫 hiye 4
3,ie,x,懈,懈,hiyei,,ᡥᡳᠶᡝᡳ,懈 hiyei / hiyai
3,ie,x,懈,懈,hiyai,,ᡥᡳᠶᠠᡳ,懈 hiyei / hiyai
3,ie,x,洩,洩,hiye,,ᡥᡳᠶᡝ,洩 hiye
3,ie,x,歇,歇,hiye,,ᡥᡳᠶᡝ,歇 hiye
3,ie,y,也,也,ye,114,ᠶᡝ,也 ye 114
3,ie,y,爺,爺,ye,4,ᠶᡝ,爺 ye 4
3,ie,y,夜,夜,ye,3,ᠶᡝ,夜 ye 3
3,ie,y,葉,葉,ye,2,ᠶᡝ,葉 ye 2
3,ie,y,業,業,ye,2,ᠶᡝ,業 ye 2
3,üe,l,畧,畧,liyoo,2,ᠯᡳᠶᠣᠣ,畧 liyoo 2
3,üe,j,决,决,giowei,3,ᡤᡳᠣᠸᡝᡳ,决 giowei 3
3,üe,j,斍,斍,giyo,2,ᡤᡳᠶᠣ,斍 giyo 2
3,üe,q,確,確,kiyo,2,ᡴᡳᠶᠣ,確 kiyo 2
3,üe,q,缺,缺,kiowei,2,ᡴᡳᠣᠸᡝᡳ,缺 kiowei 2
3,üe,x,學,學/斈,hiyo,20,ᡥᡳᠶᠣ,學 / 斈 hiyo 20
3,üe,x,斈,學/斈,hiyo,20,ᡥᡳᠶᠣ,學 / 斈 hiyo 20
3,üe,y,月,月,yuwei,5,ᠶᡠᠸᡝᡳ,月 yuwei 5
3,i［ɿ］,z,子,子,dz,56,ᡯ,子 dz 56
3,i［ɿ］,z,自,自,dz,21,ᡯ,自 dz 21
3,i［ɿ］,z,字,字,dz,7,ᡯ,字 dz 7
3,i［ɿ］,z,仔,仔,dz,2,ᡯ,仔 dz 2
3,i［ɿ］,c,此,此,ts’y,20,ᡮᡟ,此 ts’y 20
3,i［ɿ］,c,次,次,ts’y,5,ᡮᡟ,次 ts’y 5
3,i［ɿ］,c,辞,辞,ts’y,3,ᡮᡟ,辞 ts’y 3
3,i［ɿ］,s,思,思,sy,5,ᠰᡟ,思 sy 5
3,i［ɿ］,s,私,私,sy,3,ᠰᡟ,私 sy 3
3,i［ɿ］,s,四,四,sy,3,ᠰᡟ,四 sy 3
3,i［ɿ］,s,似,似,sy,2,ᠰᡟ,似 sy 2
3,i［ɿ］,s,死,死,sy,2,ᠰᡟ,死 sy 2
3,i［ɿ］,s,厮,厮,sy,,ᠰᡟ,厮 sy
3,i［ʅ］,zh,只,只,dz,31,ᡯ,只 dz 31 / jy 9
3,i［ʅ］,zh,只,只,jy,9,ᡷᡳ,只 dz 31 / jy 9
3,i［ʅ］,zh,知,知,jy,38,ᡷᡳ,知 jy 38
3,i［ʅ］,zh,之,之,jy,27,ᡷᡳ,之 jy 27
3,i［ʅ］,zh,至,至,jy,5,ᡷᡳ,至 jy 5
3,i［ʅ］,zh,支,支,jy,3,ᡷᡳ,支 jy 3
3,i［ʅ］,zh,直,直,jy,2,ᡷᡳ,直 jy 2
3,i［ʅ］,zh,止,止,jy,2,ᡷᡳ,止 jy 2
3,i［ʅ］,zh,指,指,jy,2,ᡷᡳ,指 jy 2
3,i［ʅ］,zh,致,致,jy,,ᡷᡳ,致 jy
3,i［ʅ］,zh,制,制,jy,,ᡷᡳ,制 jy
3,i［ʅ］,zh,紙,紙,jy,,ᡷᡳ,紙 jy
3,i［ʅ］,ch,吃,吃,c’y,27,ᡱᡳ,吃 c’y 27
3,i［ʅ］,ch,遅,遅,c’y,4,ᡱᡳ,遅 c’y 4
3,i［ʅ］,ch,痴,痴,c’y,,ᡱᡳ,痴 c’y
3,i［ʅ］,sh,是,是,ši,267,ᡧᡳ,是 ši 267 / si
3,i［ʅ］,sh,是,是,si,,ᠰᡳ,是 ši 267 / si
3,i［ʅ］,sh,事,事,sy,67,ᠰᡟ,事 sy 67 / ši 5
3,i［ʅ］,sh,事,事,ši,5,ᡧᡳ,事 sy 67 / ši 5
3,i［ʅ］,sh,什,什,ši,67,ᡧᡳ,什 ši 67
3,i［ʅ］,sh,使,使,ši,30,ᡧᡳ,使 ši 30
3,i［ʅ］,sh,時,時,ši,28,ᡧᡳ,時 ši 28
3,i［ʅ］,sh,實,實/寔,ši,18,ᡧᡳ,實 / 寔 ši 18
3,i［ʅ］,sh,寔,實/寔,ši,18,ᡧᡳ,實 / 寔 ši 18
3,i［ʅ］,sh,師,師,sy,8,ᠰᡟ,師 sy 8
3,i［ʅ］,sh,十,十,ši,6,ᡧᡳ,十 ši 6
3,i［ʅ］,sh,失,失,ši,4,ᡧᡳ,失 ši 4
3,i［ʅ］,sh,識,識,ši,2,ᡧᡳ,識 ši 2
3,i［ʅ］,sh,世,世,ši,2,ᡧᡳ,世 ši 2
3,i［ʅ］,sh,食,食,ši,2,ᡧᡳ,食 ši 2
3,i［ʅ］,sh,士,士,ši,2,ᡧᡳ,士 ši 2
3,i［ʅ］,sh,示,示,ši,,ᡧᡳ,示 ši
3,i［ʅ］,sh,試,試,ši,,ᡧᡳ,試 ši
3,i［ʅ］,sh,施,施,ši,,ᡧᡳ,施 ši
3,i［ʅ］,sh,侍,侍,ši,,ᡧᡳ,侍 ši
3,i［ʅ］,sh,拾,拾,ši,,ᡧᡳ,拾 ši
3,i［ʅ］,r,日,日,ži,65,ᡰᡳ,日 ži 65 / žy
3,i［ʅ］,r,日,日,žy,,ᡰᠶ,日 ži 65 / žy
3,i［i］,b,必,必,bi,30,ᠪᡳ,必 bi 30
3,i［i］,b,比,比,bi,13,ᠪᡳ,比 bi 13
3,i［i］,b,彼,彼,bi,3,ᠪᡳ,彼 bi 3
3,i［i］,b,畢,畢,bi,3,ᠪᡳ,畢 bi 3
3,i［i］,p,皮,皮,pi,2,ᡦᡳ,皮 pi 2
3,i［i］,p,譬,譬,pei,2,ᡦᡝᡳ,譬 pei 2
3,i［i］,m,迷,迷,mi,,ᠮᡳ,迷 mi
3,i［i］,m,米,米,mi,,ᠮᡳ,米 mi
3,i［i］,m,彌,彌,mi,,ᠮᡳ,彌 mi
3,i［i］,d,的,的,di,350,ᡩᡳ,的 di 350
3,i［i］,d,弟,弟,di,10,ᡩᡳ,弟 di 10
3,i［i］,d,底,底,di,6,ᡩᡳ,底 di 6
3,i［i］,d,地,地,di,4,ᡩᡳ,地 di 4
3,i［i］,d,第,第,di,,ᡩᡳ,第 di
4,i［i］,t,提,提,ti,7,ᡨᡳ,提 ti 7
4,i［i］,t,体,体,ti,6,ᡨᡳ,体 ti 6 / di
4,i［i］,t,体,体,di,,ᡩᡳ,体 ti 6 / di
4,i［i］,t,替,替,ti,3,ᡨᡳ,替 ti 3
4,i［i］,t,隄,隄,ti,,ᡨᡳ,隄 ti
4,i［i］,t,踢,踢,ti,,ᡨᡳ,踢 ti
4,i［i］,n,你,你,ni,246,ᠨᡳ,你 ni 246
4,i［i］,n,呢,呢,ni,30,ᠨᡳ,呢 ni 30
4,i［i］,n,逆,逆,ni,,ᠨᡳ,逆 ni
4,i［i］,n,泥,泥,ni,,ᠨᡳ,泥 ni
4,i［i］,l,裡,裡/里,lii,83,ᠯᡳᡳ,裡 / 里 lii 83
4,i［i］,l,里,裡/里,lii,83,ᠯᡳᡳ,裡 / 里 lii 83
4,i［i］,l,理,理,lii,28,ᠯᡳᡳ,理 lii 28
4,i［i］,l,利,利,lii,8,ᠯᡳᡳ,利 lii 8 / li
4,i［i］,l,利,利,li,,ᠯᡳ,利 lii 8 / li
4,i［i］,l,力,力,lii,4,ᠯᡳᡳ,力 lii 4
4,i［i］,l,哩,哩,lii,2,ᠯᡳᡳ,哩 lii 2
4,i［i］,l,離,離,lii,,ᠯᡳᡳ,離 lii
4,i［i］,l,粒,粒,lii,,ᠯᡳᡳ,粒 lii
4,i［i］,l,礼,礼,lii,,ᠯᡳᡳ,礼 lii
4,i［i］,l,俐,俐,lii,,ᠯᡳᡳ,俐 lii
4,i［i］,l,立,立,lii,,ᠯᡳᡳ,立 lii
4,i［i］,j,給,給,gi,3,ᡤᡳ,給 gi 3 / ji 37
4,i［i］,j,給,給,ji,37,ᠵᡳ,給 gi 3 / ji 37
4,i［i］,j,幾,幾/几,ji,17,ᠵᡳ,幾 / 几 ji 17
4,i［i］,j,几,幾/几,ji,17,ᠵᡳ,幾 / 几 ji 17
4,i［i］,j,己,己,gi,9,ᡤᡳ,己 gi 9 / ji 3
4,i［i］,j,己,己,ji,3,ᠵᡳ,己 gi 9 / ji 3
4,i［i］,j,既,既,ji,7,ᠵᡳ,既 ji 7
4,i［i］,j,吉,吉,ji,6,ᠵᡳ,吉 ji 6
4,i［i］,j,急,急,gi,5,ᡤᡳ,急 gi 5
4,i［i］,j,寄,寄,ji,5,ᠵᡳ,寄 ji 5
4,i［i］,j,紀,紀,ji,4,ᠵᡳ,紀 ji 4 / gi
4,i［i］,j,紀,紀,gi,,ᡤᡳ,紀 ji 4 / gi
4,i［i］,j,記,記,gi,3,ᡤᡳ,記 gi 3 / ji
4,i［i］,j,記,記,ji,,ᠵᡳ,記 gi 3 / ji
4,i［i］,j,即,即,ji,3,ᠵᡳ,即 ji 3
4,i［i］,j,及,及,ji,3,ᠵᡳ,及 ji 3
4,i［i］,j,計,計,ji,3,ᠵᡳ,計 ji 3
4,i［i］,j,忌,忌,ji,,ᠵᡳ,忌 ji / gi
4,i［i］,j,忌,忌,gi,,ᡤᡳ,忌 ji / gi
4,i［i］,j,技,技,ji,,ᠵᡳ,技 ji
4,i［i］,j,際,際,ji,2,ᠵᡳ,際 ji 2
4,i［i］,j,済,済,ji,,ᠵᡳ,済 ji
4,i［i］,j,疾,疾,ji,,ᠵᡳ,疾 ji
4,i［i］,q,起,起,ki,20,ᡴᡳ,起 ki 20
4,i［i］,q,豈,豈,ci,12,ᠴᡳ,豈 ci 12
4,i［i］,q,其,其,ci,8,ᠴᡳ,其 ci 8
4,i［i］,q,祈,祈,ci,4,ᠴᡳ,祈 ci 4 / ki
4,i［i］,q,祈,祈,ki,,ᡴᡳ,祈 ci 4 / ki
4,i［i］,q,氣,氣,ki,4,ᡴᡳ,氣 ki 4
4,i［i］,q,齊,齊/斉,ci,2,ᠴᡳ,齊 / 斉 ci 2
4,i［i］,q,斉,齊/斉,ci,2,ᠴᡳ,齊 / 斉 ci 2
4,i［i］,q,旗,旗,ki,2,ᡴᡳ,旗 ki 2
4,i［i］,q,奇,奇,ki,2,ᡴᡳ,奇 ki 2
4,i［i］,q,棄,棄,ci,,ᠴᡳ,棄 ci
4,i［i］,q,乞,乞,ci,,ᠴᡳ,乞 ci
4,i［i］,q,騎,騎,ki,,ᡴᡳ,騎 ki
4,i［i］,x,西,西,si,14,ᠰᡳ,西 si 14
4,i［i］,x,喜,喜,hi,9,ᡥᡳ,喜 hi 9
4,i［i］,x,細,細,si,5,ᠰᡳ,細 si 5
4,i［i］,x,係,係,si,2,ᠰᡳ,係 si 2
4,i［i］,x,習,習,si,,ᠰᡳ,習 si
4,i［i］,x,希,希,hi,,ᡥᡳ,希 hi
4,i［i］,x,席,席,si,,ᠰᡳ,席 si
4,i［i］,y,一,一,i,105,ᡳ,一 i 105
4,i［i］,y,以,以,i,15,ᡳ,以 i 15
4,i［i］,y,意,意,i,12,ᡳ,意 i 12
4,i［i］,y,已,已,i,5,ᡳ,已 i 5
4,i［i］,y,依,依,i,5,ᡳ,依 i 5
4,i［i］,y,益,益,i,4,ᡳ,益 i 4
4,i［i］,y,疑,疑,i,3,ᡳ,疑 i 3
4,i［i］,y,易,易,i,3,ᡳ,易 i 3
4,i［i］,y,繹,繹,i,2,ᡳ,繹 i 2
4,i［i］,y,異,異,i,,ᡳ,異 i
4,i［i］,y,衣,衣,i,,ᡳ,衣 i
4,i［i］,y,宜,宜,i,,ᡳ,宜 i
4,i［i］,y,倚,倚,i,,ᡳ,倚 i
4,i［i］,y,矣,矣,i,,ᡳ,矣 i
4,u,b,不,不,bu,270,ᠪᡠ,不 bu 270
4,u,b,歩,歩,bu,5,ᠪᡠ,歩 bu 5
4,u,b,部,部,bu,,ᠪᡠ,部 bu
4,u,p,鋪,鋪,pu,,ᡦᡠ,鋪 pu
4,u,f,夫,夫,fu,9,ᡶᡠ,夫 fu 9
4,u,f,傅,傅,fu,8,ᡶᡠ,傅 fu 8
4,u,f,福,福,fu,2,ᡶᡠ,福 fu 2
4,u,f,付,付,fu,3,ᡶᡠ,付 fu 3
4,u,f,服,服,fu,2,ᡶᡠ,服 fu 2
4,u,f,父,父,fu,2,ᡶᡠ,父 fu 2
4,u,f,復,復,fu,,ᡶᡠ,復 fu
4,u,f,腹,腹,fu,,ᡶᡠ,腹 fu
4,u,f,負,負,fu,,ᡶᡠ,負 fu
4,u,f,富,富,fu,,ᡶᡠ,富 fu
4,u,f,府,府,fu,,ᡶᡠ,府 fu
4,u,f,撫,撫,fu,,ᡶᡠ,撫 fu
4,u,f,浮,浮,feo,,ᡶᡝᠣ,浮 feo
4,u,d,都,都,du,56,ᡩᡠ,都 du 56
4,u,d,讀,讀,du,7,ᡩᡠ,讀 du 7
4,u,d,度,度,du,2,ᡩᡠ,度 du 2
4,u,d,毒,毒,du,,ᡩᡠ,毒 du
4,u,d,獨,獨,du,,ᡩᡠ,獨 du
4,u,d,塗,塗,du,,ᡩᡠ,塗 du
4,u,d,賭,賭,du,,ᡩᡠ,賭 du
4,u,d,堵,堵,du,,ᡩᡠ,堵 du
4,u,t,兎,兎,tu,7,ᡨᡠ,兎 tu 7
4,u,t,圖,圖,tu,2,ᡨᡠ,圖 tu 2
4,u,t,土,土,tu,2,ᡨᡠ,土 tu 2
4,u,t,徒,徒,tu,2,ᡨᡠ,徒 tu 2
4,u,n,奴,奴,nu,,ᠨᡠ,奴 nu / no
4,u,n,奴,奴,no,,ᠨᠣ,奴 nu / no
4,u,l,录,录,lu,5,ᠯᡠ,录 lu 5
4,u,l,路,路,lu,2,ᠯᡠ,路 lu 2
4,u,l,露,露,leo,,ᠯᡝᠣ,露 leo
4,u,z,足,足,dzu,2,ᡯᡠ,足 dzu 2
4,u,c,粗,粗,ts’u,3,ᡨᠰᡠ,粗 ts’u 3
4,u,s,訴,訴,su,17,ᠰᡠ,訴 su 17
4,u,s,速,速,su,3,ᠰᡠ,速 su 3
4,u,s,粟,粟,su,,ᠰᡠ,粟 su
4,u,s,素,素,su,2,ᠰᡠ,素 su 2
4,u,s,俗,俗,su,,ᠰᡠ,俗 su
4,u,zh,住,住,ju,14,ᠵᡠ,住 ju 14
4,u,zh,主,主,ju,7,ᠵᡠ,主 ju 7
4,u,zh,諸,諸,ju,3,ᠵᡠ,諸 ju 3
4,u,zh,猪,猪,ju,2,ᠵᡠ,猪 ju 2
4,u,zh,煑,煑,ju,,ᠵᡠ,煑 ju
4,u,ch,處,處,cu,48,ᠴᡠ,處 cu 48
4,u,ch,出,出,cu,13,ᠴᡠ,出 cu 13
4,u,ch,除,除,cu,3,ᠴᡠ,除 cu 3
4,u,ch,楚,楚,cu,,ᠴᡠ,楚 cu
4,u,ch,初,初,ts’u,,ᡨᠰᡠ,初 ts’u
4,u,sh,書,書,šu,21,ᡧᡠ,書 šu 21
4,u,sh,叔,叔,šu,6,ᡧᡠ,叔 šu 6
4,u,sh,樹,樹,šu,5,ᡧᡠ,樹 šu 5
4,u,sh,属,属,šu,2,ᡧᡠ,属 šu 2
4,u,sh,数,数,su,2,ᠰᡠ,数 su 2
4,u,sh,舒,舒,šu,2,ᡧᡠ,舒 šu 2
4,u,sh,疎,疎,su,,ᠰᡠ,疎 su
4,u,r,如,如,žu,28,ᡰᡠ,如 žu 28 / žo
4,u,r,如,如,žo,,ᡰᠣ,如 žu 28 / žo
4,u,r,褥,褥,žu,,ᡰᡠ,褥 žu
4,u,g,故,故,gu,8,ᡤᡠ,故 gu 8
4,u,g,古,古,gu,,ᡤᡠ,古 gu
4,u,g,顧,顧,gu,,ᡤᡠ,顧 gu
4,u,g,辜,辜,gu,,ᡤᡠ,辜 gu
4,u,g,骨,骨,gu,,ᡤᡠ,骨 gu
4,u,k,苦,苦,ku,3,ᡴᡠ,苦 ku 3
4,u,k,哭,哭,ku,3,ᡴᡠ,哭 ku 3
4,u,h,胡,胡,ho,3,ᡥᠣ,胡 ho 3 / hū 3 / hu
4,u,h,胡,胡,hū,3,ᡥᡡ,胡 ho 3 / hū 3 / hu
4,u,h,胡,胡,hu,,ᡥᡠ,胡 ho 3 / hū 3 / hu
4,u,h,戸,戸,hū,4,ᡥᡡ,戸 hū 4
4,u,h,忽,忽,hu,3,ᡥᡠ,忽 hu 3 / hū
4,u,h,忽,忽,hū,,ᡥᡡ,忽 hu 3 / hū
4,u,h,惚,惚,hu,3,ᡥᡠ,惚 hu 3
4,u,h,乎,乎,hu,,ᡥᡠ,乎 hu / hū
4,u,h,乎,乎,hū,,ᡥᡡ,乎 hu / hū
4,u,h,呼,呼,hū,,ᡥᡡ,呼 hū
4,u,w,無,無,u,14,ᡠ,無 u 14
4,u,w,悞,悞,u,5,ᡠ,悞 u 5 / o 2
4,u,w,悞,悞,o,2,ᠣ,悞 u 5 / o 2
4,u,w,吾,吾,u,4,ᡠ,吾 u 4
4,u,w,屋,屋,u,4,ᡠ,屋 u 4
4,u,w,五,五,u,3,ᡠ,五 u 3
4,u,w,物,物,u,2,ᡠ,物 u 2
4,ü,l,屡,屡,lui,2,ᠯᡠᡳ,屡 lui 2
4,ü,j,句,句,gioi,8,ᡤᡳᠣᡳ,句 gioi 8
4,ü,j,矩,矩,gioi,5,ᡤᡳᠣᡳ,矩 gioi 5
4,ü,j,拘,拘,gioi,4,ᡤᡳᠣᡳ,拘 gioi 4
4,ü,j,局,局,gioi,,ᡤᡳᠣᡳ,局 gioi
4,ü,j,據,據,gioi,,ᡤᡳᠣᡳ,據 gioi
4,ü,j,居,居,gioi,,ᡤᡳᠣᡳ,居 gioi
4,ü,j,举,举,gioi,,ᡤᡳᠣᡳ,举 gioi
4,ü,q,去,去,kioi,118,ᡴᡳᠣᡳ,去 kioi 118
4,ü,q,趣,趣,kioi,2,ᡴᡳᠣᡳ,趣 kioi 2
4,ü,q,取,取,kioi,2,ᡴᡳᠣᡳ,取 kioi 2
4,ü,q,屈,屈,kioi,,ᡴᡳᠣᡳ,屈 kioi
5,ü,x,虚,虚,sioi,6,ᠰᡳᠣᡳ,虚 sioi 6
5,ü,x,絮,絮,sioi,4,ᠰᡳᠣᡳ,絮 sioi 4
5,ü,x,須,須,sioi,3,ᠰᡳᠣᡳ,須 sioi 3
5,ü,x,叙,叙,sioi,3,ᠰᡳᠣᡳ,叙 sioi 3
5,ü,x,許,許,sioi,2,ᠰᡳᠣᡳ,許 sioi 2
5,ü,y,于,于,ioi,20,ᡳᠣᡳ,于 ioi 20
5,ü,y,預,預,ioi,4,ᡳᠣᡳ,預 ioi 4
5,ü,y,雨,雨,ioi,2,ᡳᠣᡳ,雨 ioi 2
5,ü,y,欲,欲,ioi,4,ᡳᠣᡳ,欲 ioi 4
5,ü,y,遇,遇,ioi,3,ᡳᠣᡳ,遇 ioi 3
5,ü,y,愚,愚,ioi,2,ᡳᠣᡳ,愚 ioi 2
5,ü,y,餘,餘,ioi,2,ᡳᠣᡳ,餘 ioi 2
5,ü,y,語,語,ioi,,ᡳᠣᡳ,語 ioi
5,ü,y,譽,譽,ioi,,ᡳᠣᡳ,譽 ioi
5,ai,b,白,白,be,16,ᠪᡝ,白 be 16
5,ai,b,擺,擺,bai,5,ᠪᠠᡳ,擺 bai 5
5,ai,b,百,百,be,3,ᠪᡝ,百 be 3
5,ai,p,派,派,pai,2,ᡦᠠᡳ,派 pai 2
5,ai,m,買,買,mai,2,ᠮᠠᡳ,買 mai 2
5,ai,m,賣,賣,mai,2,ᠮᠠᡳ,賣 mai 2
5,ai,m,埋,埋,mai,2,ᠮᠠᡳ,埋 mai 2
5,ai,d,怠,怠,dai,3,ᡩᠠᡳ,怠 dai 3
5,ai,d,歹,歹,dai,2,ᡩᠠᡳ,歹 dai 2
5,ai,d,待,待,dai,,ᡩᠠᡳ,待 dai
5,ai,d,袋,袋,dai,,ᡩᠠᡳ,袋 dai
5,ai,t,太,太,tai,11,ᡨᠠᡳ,太 tai 11
5,ai,n,乃,乃,nai,5,ᠨᠠᡳ,乃 nai 5
5,ai,n,奈,奈,nai,,ᠨᠠᡳ,奈 nai
5,ai,n,奶,奶,nai,,ᠨᠠᡳ,奶 nai
5,ai,l,來,來,lai,123,ᠯᠠᡳ,來 lai 123
5,ai,l,頼,頼,lai,3,ᠯᠠᡳ,頼 lai 3
5,ai,z,在,在,dzai,52,ᡯᠠᡳ,在 dzai 52
5,ai,z,再,再,dzai,24,ᡯᠠᡳ,再 dzai 24
5,ai,c,纔,纔,ts’ai,27,ᡨᠰᠠᡳ,纔 ts’ai 27 / dzai 6
5,ai,c,纔,纔,dzai,6,ᡯᠠᡳ,纔 ts’ai 27 / dzai 6
5,ai,c,菜,菜,ts’ai,4,ᡨᠰᠠᡳ,菜 ts’ai 4 / dzai
5,ai,c,菜,菜,dzai,,ᡯᠠᡳ,菜 ts’ai 4 / dzai
5,ai,c,才,才,ts’ai,,ᡨᠰᠠᡳ,才 ts’ai / dzai
5,ai,c,才,才,dzai,,ᡯᠠᡳ,才 ts’ai / dzai
5,ai,c,猜,猜,ts’ai,,ᡨᠰᠠᡳ,猜 ts’ai
5,ai,zh,債,債,jai,2,ᠵᠠᡳ,債 jai 2
5,ai,zh,窄,窄,dza,,ᡯᠠ,窄 dza
5,ai,ch,差,差,cai,5,ᠴᠠᡳ,差 cai 5
5,ai,g,該,該,g’ai,14,ᡬᠠᡳ,該 g’ai 14
5,ai,g,改,改,g’ai,3,ᡬᠠᡳ,改 g’ai 3
5,ai,g,槩,槩,g’ai,2,ᡬᠠᡳ,槩 g’ai 2
5,ai,k,慨,慨,k’ai,4,ᠺᠠᡳ,慨 k’ai 4
5,ai,k,開,開,k’ai,3,ᠺᠠᡳ,開 k’ai 3
5,ai,h,孩,孩,h’ai,2,ᡭᠠᡳ,孩 h’ai 2
5,ai,h,害,害,h’ai,,ᡭᠠᡳ,害 h’ai / hai
5,ai,h,害,害,hai,,ᡥᠠᡳ,害 h’ai / hai
5,ai,h,海,海,hai,,ᡥᠠᡳ,海 hai
5,ai,∅,愛,愛/爱,ai,8,ᠠᡳ,愛 / 爱 ai 8
5,ai,∅,爱,愛/爱,ai,8,ᠠᡳ,愛 / 爱 ai 8
5,ai,∅,哎,哎,ai,7,ᠠᡳ,哎 ai 7
5,ai,∅,挨,挨,ai,,ᠠᡳ,挨 ai / yai
5,ai,∅,挨,挨,yai,,ᠶᠠᡳ,挨 ai / yai
5,ai,∅,哀,哀,ai,,ᠠᡳ,哀 ai
5,uai,ch,踹,踹,cai,,ᠴᠠᡳ,踹 cai
5,uai,g,怪,怪,guwai,3,ᡤᡠᠸᠠᡳ,怪 guwai 3
5,uai,k,快,快,kuwai,13,ᡴᡠᠸᠠᡳ,快 kuwai 13
5,uai,k,蒯,蒯,kuwai,,ᡴᡠᠸᠠᡳ,蒯 kuwai
5,uai,h,坏,坏,huwai,4,ᡥᡠᠸᠠᡳ,坏 huwai 4
5,uai,h,槐,槐,hūwai,,ᡥᡡᠸᠠᡳ,槐 hūwai
5,uai,w,外,外,wai,10,ᠸᠠᡳ,外 wai 10
5,uai,w,歪,歪,wai,,ᠸᠠᡳ,歪 wai
5,ei,b,盃,盃,bei,5,ᠪᡝᡳ,盃 bei 5
5,ei,b,背,背,bei,3,ᠪᡝᡳ,背 bei 3
5,ei,b,備,備,bei,,ᠪᡝᡳ,備 bei
5,ei,b,悖,悖,bei,,ᠪᡝᡳ,悖 bei
5,ei,b,被,被,bei,,ᠪᡝᡳ,被 bei
5,ei,b,輩,輩,bei,,ᠪᡝᡳ,輩 bei
5,ei,m,毎,毎,mei,3,ᠮᡝᡳ,毎 mei 3
5,ei,f,非,非,fei,5,ᡶᡝᡳ,非 fei 5
5,ei,f,飛,飛,fei,,ᡶᡝᡳ,飛 fei
5,ei,n,内,内,nei,2,ᠨᡝᡳ,内 nei 2
5,ei,l,累,累,lei,,ᠯᡝᡳ,累 lei / lui
5,ei,l,累,累,lui,,ᠯᡠᡳ,累 lei / lui
5,uei,d,對,對/对,dui,7,ᡩᡠᡳ,對 / 对 dui 7
5,uei,d,对,對/对,dui,7,ᡩᡠᡳ,對 / 对 dui 7
5,uei,t,推,推,tui,7,ᡨᡠᡳ,推 tui 7
5,uei,t,退,退,tui,,ᡨᡠᡳ,退 tui
5,uei,t,腿,腿,tui,,ᡨᡠᡳ,腿 tui
5,uei,z,嘴,嘴,dzui,7,ᡯᡠᡳ,嘴 dzui 7
5,uei,z,酔,酔,dzui,6,ᡯᡠᡳ,酔 dzui 6
5,uei,z,最,最,dzui,,ᡯᡠᡳ,最 dzui
5,uei,c,催,催,ts’ui,5,ᡨᠰᡠᡳ,催 ts’ui 5
6,uei,s,雖,雖,sui,12,ᠰᡠᡳ,雖 sui 12
6,uei,s,岁,岁,sui,4,ᠰᡠᡳ,岁 sui 4
6,uei,s,隨,隨,sui,,ᠰᡠᡳ,隨 sui
6,uei,sh,誰,誰,šui,18,ᡧᡠᡳ,誰 šui 18
6,uei,sh,水,水,šui,2,ᡧᡠᡳ,水 šui 2
6,uei,sh,睡,睡,šui,,ᡧᡠᡳ,睡 šui
6,uei,g,規,規,gui,5,ᡤᡠᡳ,規 gui 5
6,uei,g,貴,貴,gui,2,ᡤᡠᡳ,貴 gui 2
6,uei,g,歸,歸,gui,,ᡤᡠᡳ,歸 gui
6,uei,k,虧,虧,kui,2,ᡴᡠᡳ,虧 kui 2
6,uei,k,愧,愧,kui,2,ᡴᡠᡳ,愧 kui 2
6,uei,h,會,會/会,hūi,20,ᡥᡡᡳ,會 / 会 hūi 20
6,uei,h,会,會/会,hūi,20,ᡥᡡᡳ,會 / 会 hūi 20
6,uei,h,回,回,hūi,8,ᡥᡡᡳ,回 hūi 8
6,uei,h,悔,悔,hui,,ᡥᡠᡳ,悔 hui
6,uei,h,灰,灰,hui,,ᡥᡠᡳ,灰 hui
6,uei,w,為,為,wei,22,ᠸᡝᡳ,為 wei 22
6,uei,w,未,未,wei,5,ᠸᡝᡳ,未 wei 5
6,uei,w,味,味,wei,3,ᠸᡝᡳ,味 wei 3
6,uei,w,位,位,wei,2,ᠸᡝᡳ,位 wei 2
6,uei,w,尾,尾,wei,,ᠸᡝᡳ,尾 wei
6,uei,w,微,微,wei,,ᠸᡝᡳ,微 wei
6,uei,w,謂,謂,wei,,ᠸᡝᡳ,謂 wei
6,uei,w,衛,衛,wei,,ᠸᡝᡳ,衛 wei
6,ao,b,報,報/报,boo,6,ᠪᠣᠣ,報 / 报 boo 6
6,ao,b,报,報/报,boo,6,ᠪᠣᠣ,報 / 报 boo 6
6,ao,b,保,保,boo,3,ᠪᠣᠣ,保 boo 3
6,ao,b,飽,飽,boo,,ᠪᠣᠣ,飽 boo
6,ao,b,抱,抱,boo,,ᠪᠣᠣ,抱 boo
6,ao,p,跑,跑,poo,,ᡦᠣᠣ,跑 poo
6,ao,m,貌,貌,mao,,ᠮᠠᠣ,貌 mao
6,ao,d,道,道,dao,37,ᡩᠠᠣ,道 dao 37
6,ao,d,到,到,dao,24,ᡩᠠᠣ,到 dao 24
6,ao,d,倒,倒,dao,7,ᡩᠠᠣ,倒 dao 7
6,ao,d,叨,叨,dao,3,ᡩᠠᠣ,叨 dao 3
6,ao,d,導,導,dao,,ᡩᠠᠣ,導 dao
6,ao,t,討,討,tao,3,ᡨᠠᠣ,討 tao 3
6,ao,t,套,套,tao,2,ᡨᠠᠣ,套 tao 2
6,ao,n,恼,恼,nao,2,ᠨᠠᠣ,恼 nao 2
6,ao,n,閙,閙,nao,,ᠨᠠᠣ,nao 閙
6,ao,l,老,老,lao,2,ᠯᠠᠣ,老 lao 2 / loo 6
6,ao,l,老,老,loo,6,ᠯᠣᠣ,老 lao 2 / loo 6
6,ao,l,勞,勞/劳,lao,3,ᠯᠠᠣ,勞 / 劳 lao 3
6,ao,l,劳,勞/劳,lao,3,ᠯᠠᠣ,勞 / 劳 lao 3
6,ao,l,撈,撈,loo,,ᠯᠣᠣ,撈 loo
6,ao,z,遭,遭,dzao,11,ᡯᠠᠣ,遭 dzao 11
6,ao,z,早,早,dzao,3,ᡯᠠᠣ,早 dzao 3
6,ao,z,造,造,dzao,2,ᡯᠠᠣ,造 dzao 2
6,ao,z,糟,糟,dzao,,ᡯᠠᠣ,糟 dzao
6,ao,z,嘈,嘈,dzao,,ᡯᠠᠣ,嘈 dzao
6,ao,z,掻,掻,dzao,,ᡯᠠᠣ,掻 dzao
6,ao,c,草,草,ts’ao,,ᡨᠰᠠᠣ,草 ts’ao
6,ao,s,掃,掃,sao,2,ᠰᠠᠣ,掃 sao 2
6,ao,s,嫂,嫂,sao,,ᠰᠠᠣ,嫂 sao
6,ao,zh,趙,趙,jao,3,ᠵᠠᠣ,趙 jao 3
6,ao,zh,照,照,jao,2,ᠵᠠᠣ,照 jao 2
6,ao,zh,找,找,jao,,ᠵᠠᠣ,找 jao
6,ao,ch,抄,抄,cao,3,ᠴᠠᠣ,抄 cao 3
6,ao,ch,炒,炒,cao,,ᠴᠠᠣ,炒 cao
6,ao,sh,少,少,šao,8,ᡧᠠᠣ,少 šao 8
6,ao,sh,焼,焼,šao,2,ᡧᠠᠣ,焼 šao 2
6,ao,r,遶,遶,žao,,ᡰᠠᠣ,遶 žao
6,ao,r,擾,擾,žao,,ᡰᠠᠣ,擾 žao
6,ao,r,饒,饒,žao,,ᡰᠠᠣ,饒 žao
6,ao,g,告,告,g’ao,17,ᡬᠠᠣ,告 g’ao 17
6,ao,g,高,高,g’ao,5,ᡬᠠᠣ,高 g’ao 5
6,ao,k,考,考,k’ao,3,ᠺᠠᠣ,考 k’ao 3
6,ao,h,好,好,h’ao,71,ᡭᠠᠣ,好 h’ao 71
6,ao,h,号,号,h’ao,,ᡭᠠᠣ,号 h’ao
6,ao,∅,熬,熬,ao,,ᠠᠣ,熬 ao
6,iao,p,瓢,瓢,piyoo,2,ᡦᡳᠶᠣᠣ,瓢 piyoo 2
6,iao,d,吊,吊,diyao,,ᡩᡳᠶᠠᠣ,吊 diyao / diyoo
6,iao,d,吊,吊,diyoo,,ᡩᡳᠶᠣᠣ,吊 diyao / diyoo
6,iao,t,條,條,tiyoo,,ᡨᡳᠶᠣᠣ,條 tiyoo
6,iao,l,了,了,liyao,68,ᠯᡳᠶᠠᠣ,了 liyao 68 / liyoo 137
6,iao,l,了,了,liyoo,137,ᠯᡳᠶᠣᠣ,了 liyao 68 / liyoo 137
6,iao,l,撩,撩,liyoo,2,ᠯᡳᠶᠣᠣ,撩 liyoo 2
6,iao,l,料,料,liyoo,,ᠯᡳᠶᠣᠣ,料 liyoo
6,iao,j,叫,叫,giyao,14,ᡤᡳᠶᠠᠣ,叫 giyao 14 / giyoo 20
6,iao,j,叫,叫,giyoo,20,ᡤᡳᠶᠣᠣ,叫 giyao 14 / giyoo 20
6,iao,j,教,教,giyao,3,ᡤᡳᠶᠠᠣ,教 giyao 3 / giyoo 3
6,iao,j,教,教,giyoo,3,ᡤᡳᠶᠣᠣ,教 giyao 3 / giyoo 3
6,iao,j,交,交,giyao,,ᡤᡳᠶᠠᠣ,交 giyao
6,iao,j,較,較,giyao,,ᡤᡳᠶᠠᠣ,較 giyao
6,iao,j,嚼,嚼,giyao,,ᡤᡳᠶᠠᠣ,嚼 giyao
6,iao,j,脚,脚,giyoo,,ᡤᡳᠶᠣᠣ,脚 giyoo
6,iao,j,轎,轎,giyoo,,ᡤᡳᠶᠣᠣ,轎 giyoo
6,iao,q,睄,睄,kiyoo,9,ᡴᡳᠶᠣᠣ,睄 kiyoo 9
6,iao,q,巧,巧,kiyao,,ᡴᡳᠶᠠᠣ,巧 kiyao / kiyoo
6,iao,q,巧,巧,kiyoo,,ᡴᡳᠶᠣᠣ,巧 kiyao / kiyoo
6,iao,q,悄,悄,kiyoo,,ᡴᡳᠶᠣᠣ,悄 kiyoo
6,iao,q,喬,喬,kiyoo,,ᡴᡳᠶᠣᠣ,喬 kiyoo
6,iao,x,小,小,siyao,2,ᠰᡳᠶᠠᠣ,小 siyao 2 / siyoo 15
6,iao,x,小,小,siyoo,15,ᠰᡳᠶᠣᠣ,小 siyao 2 / siyoo 15
6,iao,x,笑,笑,hiyao,,ᡥᡳᠶᠠᠣ,笑 hiyao / hiyoo 2
6,iao,x,笑,笑,hiyoo,2,ᡥᡳᠶᠣᠣ,笑 hiyao / hiyoo 2
6,iao,x,消,消,siyoo,,ᠰᡳᠶᠣᠣ,消 siyoo
6,iao,x,暁,暁,hiyao,,ᡥᡳᠶᠠᠣ,暁 hiyao
6,iao,x,効,効,hiyao,,ᡥᡳᠶᠠᠣ,効 hiyao
6,iao,y,要,要,yao,55,ᠶᠠᠣ,要 yao 55
6,iao,y,薬,薬,yo,3,ᠶᠣ,薬 yo 3
7,ou,d,斗,斗,deo,,ᡩᡝᠣ,斗 deo
7,ou,t,頭,頭,teo,25,ᡨᡝᠣ,頭 teo 25
7,ou,t,偸,偸,teo,,ᡨᡝᠣ,偸 teo
7,ou,l,楼,楼,leo,,ᠯᡝᠣ,楼 leo
7,ou,z,走,走,dzeo,16,ᡯᡝᠣ,走 dzeo 16 / dzao
7,ou,z,走,走,dzao,,ᡯᠠᠣ,走 dzeo 16 / dzao
7,ou,sh,受,受,šeo,9,ᡧᡝᠣ,受 šeo 9
7,ou,sh,収,収,šeo,7,ᡧᡝᠣ,収 šeo 7
7,ou,sh,手,手,šeo,3,ᡧᡝᠣ,手 šeo 3
7,ou,sh,寿,寿,šeo,,ᡧᡝᠣ,寿 šeo
7,ou,sh,守,守,šeo,,ᡧᡝᠣ,守 šeo
7,ou,zh,洲,洲,jeo,3,ᠵᡝᠣ,洲 jeo 3
7,ou,zh,周,周,jeo,,ᠵᡝᠣ,周 jeo
7,ou,ch,稠,稠,ceo,2,ᠴᡝᠣ,稠 ceo 2
7,ou,r,肉,肉,žeo,6,ᡰᡝᠣ,肉 žeo 6
7,ou,k,口,口,keo,10,ᡴᡝᠣ,口 keo 10
7,ou,h,候,候,heo,20,ᡥᡝᠣ,候 heo 20
7,ou,h,後,後,heo,18,ᡥᡝᠣ,後 heo 18
7,ou,h,厚,厚,heo,,ᡥᡝᠣ,厚 heo
7,ou,∅,嘔,嘔,eo,3,ᡝᠣ,嘔 eo 3
7,iou,n,牛,牛,nio,5,ᠨᡳᠣ,牛 nio 5
7,iou,n,扭,扭,nio,,ᠨᡳᠣ,扭 nio
7,iou,l,留,留,lio,2,ᠯᡳᠣ,留 lio 2
7,iou,l,六,六,lio,2,ᠯᡳᠣ,六 lio 2
7,iou,j,就,就,gio,81,ᡤᡳᠣ,就 gio 81
7,iou,j,酒,酒,gio,22,ᡤᡳᠣ,酒 gio 22
7,iou,j,久,久,gio,5,ᡤᡳᠣ,久 gio 5
7,iou,j,旧,旧,gio,5,ᡤᡳᠣ,旧 gio 5
7,iou,j,九,九,gio,2,ᡤᡳᠣ,九 gio 2
7,iou,q,求,求,kio,9,ᡴᡳᠣ,求 kio 9
7,iou,x,修,修,sio,,ᠰᡳᠣ,修 sio
7,iou,x,秀,秀,sio,,ᠰᡳᠣ,秀 sio
7,iou,y,有,有,io,128,ᡳᠣ,有 io 128
7,iou,y,友,友,io,17,ᡳᠣ,友 io 17
7,iou,y,又,又,io,42,ᡳᠣ,又 io 42
7,iou,y,由,由,io,6,ᡳᠣ,由 io 6
7,iou,y,遊,遊/游,io,2,ᡳᠣ,遊 / 游 io 2
7,iou,y,游,遊/游,io,2,ᡳᠣ,遊 / 游 io 2
7,iou,y,幼,幼,io,,ᡳᠣ,幼 io
7,iou,y,悠,悠,io,,ᡳᠣ,悠 io
7,er,∅,児,児,el,53,ᡝᠯ,児 el 53
7,er,∅,二,二,el,11,ᡝᠯ,二 el 11
7,er,∅,而,而,el,6,ᡝᠯ,而 el 6
7,er,∅,耳,耳,el,4,ᡝᠯ,耳 el 4
7,an,b,辧,辧,ban,2,ᠪᠠᠨ,辧 ban 2
7,an,b,班,班,ban,,ᠪᠠᠨ,班 ban
7,an,p,盼,盼,pan,2,ᡦᠠᠨ,盼 pan 2
7,an,f,飯,飯,fan,10,ᡶᠠᠨ,飯 fan 10
7,an,f,凡,凡,fan,8,ᡶᠠᠨ,凡 fan 8
7,an,f,反,反,fan,8,ᡶᠠᠨ,反 fan 8
7,an,f,煩,煩,fan,7,ᡶᠠᠨ,煩 fan 7
7,an,f,翻,翻/繙,fan,3,ᡶᠠᠨ,翻 / 繙 fan 3
7,an,f,繙,翻/繙,fan,3,ᡶᠠᠨ,翻 / 繙 fan 3
7,an,f,番,番,fan,,ᡶᠠᠨ,番 fan
7,an,m,滿,滿,man,5,ᠮᠠᠨ,滿 man 5
7,an,m,慢,慢,man,4,ᠮᠠᠨ,慢 man 4
7,an,m,瞞,瞞,man,3,ᠮᠠᠨ,瞞 man 3
7,an,m,埋,埋,man,,ᠮᠠᠨ,埋 man
7,an,d,但,但,dan,12,ᡩᠠᠨ,但 dan 12
7,an,d,躭,躭,dan,,ᡩᠠᠨ,躭 dan
7,an,d,淡,淡,dan,,ᡩᠠᠨ,淡 dan
7,an,d,担,担,dan,,ᡩᠠᠨ,担 dan
7,an,t,談,談,tan,3,ᡨᠠᠨ,談 tan 3
7,an,t,炭,炭,tan,,ᡨᠠᠨ,炭 tan
7,an,t,貪,貪,tan,,ᡨᠠᠨ,貪 tan
7,an,t,探,探,tan,,ᡨᠠᠨ,探 tan
7,an,n,難,難/难,nan,8,ᠨᠠᠨ,難 / 难 nan 8
7,an,n,难,難/难,nan,8,ᠨᠠᠨ,難 / 难 nan 8
7,an,l,爛,爛,lan,2,ᠯᠠᠨ,爛 lan 2
7,an,l,藍,藍,lan,,ᠯᠠᠨ,藍 lan
7,an,z,咱,咱,dza,12,ᡯᠠ,咱 dza 12
7,an,z,暫,暫,jan,,ᠵᠠᠨ,暫 jan
7,an,c,残,残,ts’an,,ᡨᠰᠠᠨ,残 ts’an
7,an,c,慚,慚,ts’an,,ᡨᠰᠠᠨ,慚 ts’an
7,an,c,参,参,ts’an,,ᡨᠰᠠᠨ,参 ts’an
7,an,s,三,三,san,5,ᠰᠠᠨ,三 san 5
7,an,s,散,散,san,,ᠰᠠᠨ,散 san
7,an,zh,佔,佔,jan,,ᠵᠠᠨ,佔 jan
7,an,zh,綻,綻,jan,,ᠵᠠᠨ,綻 jan
7,an,zh,沾,沾,jan,,ᠵᠠᠨ,沾 jan
7,an,zh,毡,毡,jan,,ᠵᠠᠨ,毡 jan
7,an,ch,産,産,can,,ᠴᠠᠨ,産 can
7,an,ch,革占,革占,can,,ᠴᠠᠨ,革占 can
7,an,sh,善,善,šan,3,ᡧᠠᠨ,善 šan 3
7,an,sh,山,山,šan,2,ᡧᠠᠨ,山 šan 2
7,an,r,然,然,žan,43,ᡰᠠᠨ,然 žan 43
8,an,g,敢,敢,g’an,6,ᡬᠠᠨ,敢 g’an 6
8,an,g,乾,乾,g’an,4,ᡬᠠᠨ,乾 g’an 4
8,an,g,感,感,g’an,2,ᡬᠠᠨ,感 g’an 2
8,an,g,干,干,g’an,2,ᡬᠠᠨ,干 g’an 2
8,an,k,看,看,k’an,22,ᠺᠠᠨ,看 k’an 22
8,an,k,砍,砍,k’an,2,ᠺᠠᠨ,砍 k’an 2
8,an,k,坎,坎,k’an,,ᠺᠠᠨ,坎 k’an
8,an,h,罕,罕,h’an,,ᡭᠠᠨ,罕 h’an
8,an,h,汗,汗,h’an,,ᡭᠠᠨ,汗 h’an
8,an,h,含,含,han,,ᡥᠠᠨ,含 han
8,an,h,漢,漢,han,,ᡥᠠᠨ,漢 han
8,an,h,翰,翰,han,,ᡥᠠᠨ,翰 han
8,an,∅,安,安,an,4,ᠠᠨ,安 an 4
8,an,∅,按,按,an,,ᠠᠨ,按 an
8,an,∅,鞍,鞍,an,,ᠠᠨ,鞍 an
8,ian,b,便,便,biyan,9,ᠪᡳᠶᠠᠨ,便 biyan 9
8,ian,b,辺,辺,biyan,4,ᠪᡳᠶᠠᠨ,辺 biyan 4
8,ian,b,変,変,biyan,2,ᠪᡳᠶᠠᠨ,変 biyan 2
8,ian,b,辯,辯,biyan,2,ᠪᡳᠶᠠᠨ,辯 biyan 2
8,ian,b,編,編,biyan,,ᠪᡳᠶᠠᠨ,編 biyan
8,ian,b,遍,遍,biyan,,ᠪᡳᠶᠠᠨ,遍 biyan
8,ian,p,便,便,piyan,2,ᡦᡳᠶᠠᠨ,便 piyan 2
8,ian,m,面,面,miyan,9,ᠮᡳᠶᠠᠨ,面 miyan 9
8,ian,m,勉,勉,miyan,,ᠮᡳᠶᠠᠨ,勉 miyan
8,ian,m,免,免,miyan,,ᠮᡳᠶᠠᠨ,免 miyan
8,ian,m,棉,棉,miyan,,ᠮᡳᠶᠠᠨ,棉 miyan
8,ian,d,点,点/點,diyan,3,ᡩᡳᠶᠠᠨ,点 / 點 diyan 3
8,ian,d,點,点/點,diyan,3,ᡩᡳᠶᠠᠨ,点 / 點 diyan 3
8,ian,d,墊,墊,diyan,2,ᡩᡳᠶᠠᠨ,墊 diyan 2
8,ian,d,奠,奠,diyan,,ᡩᡳᠶᠠᠨ,奠 diyan
8,ian,t,天,天,tiyan,4,ᡨᡳᠶᠠᠨ,天 tiyan 4
8,ian,t,添,添,tiyan,3,ᡨᡳᠶᠠᠨ,添 tiyan 3
8,ian,n,年,年,niyan,16,ᠨᡳᠶᠠᠨ,年 niyan 16
8,ian,n,念,念,niyan,14,ᠨᡳᠶᠠᠨ,念 niyan 14
8,ian,l,連,連,liyan,7,ᠯᡳᠶᠠᠨ,連 liyan 7
8,ian,l,恋,恋,liyan,,ᠯᡳᠶᠠᠨ,恋 liyan
8,ian,l,簾,簾,liyan,,ᠯᡳᠶᠠᠨ,簾 liyan
8,ian,j,見,見,jiyan,36,ᠵᡳᠶᠠᠨ,見 jiyan 36
8,ian,j,件,件,giyan,10,ᡤᡳᠶᠠᠨ,件 giyan 10
8,ian,j,箭,箭,jiyan,6,ᠵᡳᠶᠠᠨ,箭 jiyan 6
8,ian,j,間,間,giyan,6,ᡤᡳᠶᠠᠨ,間 giyan 6
8,ian,j,漸,漸,jiyan,2,ᠵᡳᠶᠠᠨ,漸 jiyan 2
8,ian,j,艰,艰,giyan,2,ᡤᡳᠶᠠᠨ,艰 giyan 2
8,ian,j,簡,簡,jiyan,,ᠵᡳᠶᠠᠨ,簡 jiyan
8,ian,q,前,前,ciyan,18,ᠴᡳᠶᠠᠨ,前 ciyan 18
8,ian,q,錢,錢,ciyan,5,ᠴᡳᠶᠠᠨ,錢 ciyan 5
8,ian,q,謙,謙,ciyan,2,ᠴᡳᠶᠠᠨ,謙 ciyan 2
8,ian,q,浅,浅,ciyan,,ᠴᡳᠶᠠᠨ,浅 ciyan
8,ian,x,先,先,siyan,13,ᠰᡳᠶᠠᠨ,先 siyan 13
8,ian,x,現,現,siyan,9,ᠰᡳᠶᠠᠨ,現 siyan 9 / hiyan 2
8,ian,x,現,現,hiyan,2,ᡥᡳᠶᠠᠨ,現 siyan 9 / hiyan 2
8,ian,x,閒,閒,siyan,2,ᠰᡳᠶᠠᠨ,閒 siyan 2 / hiyan 2
8,ian,x,閒,閒,hiyan,2,ᡥᡳᠶᠠᠨ,閒 siyan 2 / hiyan 2
8,ian,x,嫌,嫌,siyan,2,ᠰᡳᠶᠠᠨ,嫌 siyan 2
8,ian,x,賢,賢,siyan,2,ᠰᡳᠶᠠᠨ,賢 siyan 2
8,ian,x,顕,顕,hiyan,,ᡥᡳᠶᠠᠨ,顕 hiyan
8,ian,x,險,險,hiyan,,ᡥᡳᠶᠠᠨ,險 hiyan
8,ian,y,言,言,yan,9,ᠶᠠᠨ,言 yan 9
8,ian,y,厭,厭,yan,4,ᠶᠠᠨ,厭 yan 4
8,ian,y,眼,眼,yan,4,ᠶᠠᠨ,眼 yan 4
8,ian,y,烟,烟,yan,3,ᠶᠠᠨ,烟 yan 3
8,ian,y,醃,醃,yan,2,ᠶᠠᠨ,醃 yan 2
8,ian,y,嚴,嚴,yan,,ᠶᠠᠨ,嚴 yan
8,ian,y,筵,筵,yan,,ᠶᠠᠨ,筵 yan
8,ian,y,簷,簷,yan,,ᠶᠠᠨ,簷 yan
8,ian,y,掩,掩,yan,,ᠶᠠᠨ,掩 yan
8,ian,y,演,演,yan,,ᠶᠠᠨ,演 yan
8,uan,d,断,断,duwan,10,ᡩᡠᠸᠠᠨ,断 duwan 10
8,uan,t,團,團,tuwan,,ᡨᡠᠸᠠᠨ,團 tuwan
8,uan,l,乱,乱,luwan,4,ᠯᡠᠸᠠᠨ,乱 luwan 4
8,uan,s,算,算/筭,suwan,8,ᠰᡠᠸᠠᠨ,算 / 筭 suwan 8
8,uan,s,筭,算/筭,suwan,8,ᠰᡠᠸᠠᠨ,算 / 筭 suwan 8
8,uan,zh,轉,轉,jowan,,ᠵᠣᠸᠠᠨ,轉 jowan
8,uan,ch,穿,穿,cuwan,2,ᠴᡠᠸᠠᠨ,穿 cuwan 2
8,uan,ch,傳,傳,cuwan,,ᠴᡠᠸᠠᠨ,傳 cuwan
8,uan,sh,拴,拴,šuwan,5,ᡧᡠᠸᠠᠨ,拴 šuwan 5
8,uan,g,管,管,guwan,6,ᡤᡠᠸᠠᠨ,管 guwan 6
8,uan,g,慣,慣,guwan,2,ᡤᡠᠸᠠᠨ,慣 guwan 2
8,uan,g,覌,覌,guwan,,ᡤᡠᠸᠠᠨ,覌 guwan / kuwan
8,uan,g,覌,覌,kuwan,,ᡴᡠᠸᠠᠨ,覌 guwan / kuwan
8,uan,g,関,関,guwan,,ᡤᡠᠸᠠᠨ,関 guwan
8,uan,k,款,款,kuwan,2,ᡴᡠᠸᠠᠨ,款 kuwan 2
8,uan,k,寛,寛,kuwan,,ᡴᡠᠸᠠᠨ,寛 kuwan
8,uan,h,还,还/還,huwan,28,ᡥᡠᠸᠠᠨ,还 / 還 huwan 28 / hūwan 3 / huwai
8,uan,h,还,还/還,hūwan,3,ᡥᡡᠸᠠᠨ,还 / 還 huwan 28 / hūwan 3 / huwai
8,uan,h,还,还/還,huwai,,ᡥᡠᠸᠠᡳ,还 / 還 huwan 28 / hūwan 3 / huwai
8,uan,h,還,还/還,huwan,28,ᡥᡠᠸᠠᠨ,还 / 還 huwan 28 / hūwan 3 / huwai
8,uan,h,還,还/還,hūwan,3,ᡥᡡᠸᠠᠨ,还 / 還 huwan 28 / hūwan 3 / huwai
8,uan,h,還,还/還,huwai,,ᡥᡠᠸᠠᡳ,还 / 還 huwan 28 / hūwan 3 / huwai
8,uan,h,欢,欢,huwan,3,ᡥᡠᠸᠠᠨ,欢 huwan 3
8,uan,h,緩,緩,huwan,2,ᡥᡠᠸᠠᠨ,緩 huwan 2
8,uan,w,完,完,wan,14,ᠸᠠᠨ,完 wan 14
8,uan,w,万,万/萬,wan,5,ᠸᠠᠨ,万 / 萬 wan 5
8,uan,w,萬,万/萬,wan,5,ᠸᠠᠨ,万 / 萬 wan 5
8,uan,w,晩,晩,wan,3,ᠸᠠᠨ,晩 wan 3
8,uan,w,碗,碗,wan,2,ᠸᠠᠨ,碗 wan 2
8,üan,q,劝,劝,kiowan,5,ᡴᡳᠣᠸᠠᠨ,劝 kiowan 5
8,üan,q,全,全,ciowan,3,ᠴᡳᠣᠸᠠᠨ,全 ciowan 3 / kiowan
8,üan,q,全,全,kiowan,,ᡴᡳᠣᠸᠠᠨ,全 ciowan 3 / kiowan
8,üan,x,眩,眩,hiowan,,ᡥᡳᠣᠸᠠᠨ,眩 hiowan
8,üan,y,院,院,yuwan,8,ᠶᡠᠸᠠᠨ,院 yuwan 8
8,üan,y,原,原,yuwan,6,ᠶᡠᠸᠠᠨ,原 yuwan 6
8,üan,y,怨,怨,yuwan,4,ᠶᡠᠸᠠᠨ,怨 yuwan 4
8,üan,y,遠,遠/远,yuwan,4,ᠶᡠᠸᠠᠨ,遠 / 远 yuwan 4
8,üan,y,远,遠/远,yuwan,4,ᠶᡠᠸᠠᠨ,遠 / 远 yuwan 4
8,üan,y,愿,愿,yuwan,3,ᠶᡠᠸᠠᠨ,愿 yuwan 3
8,üan,y,縁,縁,yuwan,2,ᠶᡠᠸᠠᠨ,縁 yuwan 2
8,üan,y,員,員,yuwan,,ᠶᡠᠸᠠᠨ,員 yuwan
8,üan,y,源,源,yuwan,,ᠶᡠᠸᠠᠨ,源 yuwan
8,üan,y,冤,冤,yuwan,,ᠶᡠᠸᠠᠨ,冤 yuwan
9,en,b,本,本,ben,6,ᠪᡝᠨ,本 ben 6
9,en,p,盆,盆,pen,,ᡦᡝᠨ,盆 pen
9,en,m,們,們,men,89,ᠮᡝᠨ,們 men 89
9,en,m,門,門,men,7,ᠮᡝᠨ,門 men 7
9,en,m,悶,悶,men,2,ᠮᡝᠨ,悶 men 2
9,en,f,分,分,fen,2,ᡶᡝᠨ,分 fen 2
9,en,f,墳,墳/坟,fen,2,ᡶᡝᠨ,墳 / 坟 fen 2
9,en,f,坟,墳/坟,fen,2,ᡶᡝᠨ,墳 / 坟 fen 2
9,en,z,怎,怎,dzen,30,ᡯᡝᠨ,怎 dzen 30
9,en,zh,真,真,jen,18,ᠵᡝᠨ,真 jen 18 / jeng 2
9,en,zh,真,真,jeng,2,ᠵᡝᠩ,真 jen 18 / jeng 2
9,en,zh,斟,斟,jeng,2,ᠵᡝᠩ,斟 jeng 2
9,en,sh,身,身,šen,16,ᡧᡝᠨ,身 šen 16 / šeng
9,en,sh,身,身,šeng,,ᡧᡝᠩ,身 šen 16 / šeng
9,en,sh,甚,甚,šen,5,ᡧᡝᠨ,甚 šen 5
9,en,sh,慎,慎,šen,2,ᡧᡝᠨ,慎 šen 2
9,en,sh,神,神,šen,,ᡧᡝᠨ,神 šen
9,en,sh,深,深,šen,,ᡧᡝᠨ,深 šen
9,en,r,人,人,žin,116,ᡰᡳᠨ,人 žin 116
9,en,r,認,認,žin,6,ᡰᡳᠨ,認 žin 6 / žen
9,en,r,認,認,žen,,ᡰᡝᠨ,認 žin 6 / žen
9,en,r,任,任,žin,2,ᡰᡳᠨ,任 žin 2
9,en,g,跟,跟,gen,5,ᡤᡝᠨ,跟 gen 5
9,en,g,根,根,gen,,ᡤᡝᠨ,根 gen
9,en,k,肯,肯,ken,13,ᡴᡝᠨ,肯 ken 13
9,en,k,懇,懇,ken,,ᡴᡝᠨ,懇 ken
9,en,k,掯,掯,ken,,ᡴᡝᠨ,掯 ken
9,en,h,狠,狠,hen,19,ᡥᡝᠨ,狠 hen 19
9,en,h,恨,恨,hen,,ᡥᡝᠨ,恨 hen
9,en,∅,恩,恩,en,2,ᡝᠨ,恩 en 2
9,in,p,品,品,ping,,ᡦᡳᠩ,品 ping
9,in,m,敏,敏,min,,ᠮᡳᠨ,敏 min
9,in,l,林,林,lin,2,ᠯᡳᠨ,林 lin 2
9,in,j,今,今,gin,30,ᡤᡳᠨ,今 gin 30
9,in,j,進,進,jin,20,ᠵᡳᠨ,進 jin 20
9,in,j,儘,儘/侭,jin,11,ᠵᡳᠨ,儘 / 侭 jin 11
9,in,j,侭,儘/侭,jin,11,ᠵᡳᠨ,儘 / 侭 jin 11
9,in,j,緊,緊,gin,8,ᡤᡳᠨ,緊 gin 8
9,in,j,尽,尽/盡,jin,6,ᠵᡳᠨ,尽 / 盡 jin 6
9,in,j,盡,尽/盡,jin,6,ᠵᡳᠨ,尽 / 盡 jin 6
9,in,j,謹,謹,gin,2,ᡤᡳᠨ,謹 gin 2 / ging 3
9,in,j,謹,謹,ging,3,ᡤᡳᠩ,謹 gin 2 / ging 3
9,in,q,親,親,cin,5,ᠴᡳᠨ,親 cin 5
9,in,x,心,心,sin,34,ᠰᡳᠨ,心 sin 34
9,in,x,信,信,hin,17,ᡥᡳᠨ,信 hin 17
9,in,y,因,因,yen,16,ᠶᡝᠨ,因 yen 16
9,in,y,飲,飲,yen,8,ᠶᡝᠨ,飲 yen 8
9,in,y,艮,艮,yen,3,ᠶᡝᠨ,艮 yen 3
9,in,y,音,音,yen,2,ᠶᡝᠨ,音 yen 2
9,in,y,阴,阴,yen,2,ᠶᡝᠨ,阴 yen 2
9,in,y,隠,隠,yen,,ᠶᡝᠨ,隠 yen
9,in,y,殷,殷,ing,,ᡳᠩ,殷 ing
9,uen,d,鈍,鈍,dun,,ᡩᡠᠨ,鈍 dun
9,uen,l,論,論,lun,2,ᠯᡠᠨ,論 lun 2 / luwen 2
9,uen,l,論,論,luwen,2,ᠯᡠᠸᡝᠨ,論 lun 2 / luwen 2
9,uen,z,尊,尊,dzun,2,ᡯᡠᠨ,尊 dzun 2
9,uen,c,存,存,ts’un,2,ᡨᠰᡠᠨ,存 ts’un 2
9,uen,c,村,村,dzun,,ᡯᡠᠨ,村 dzun
9,uen,s,損,損,sun,2,ᠰᡠᠨ,損 sun 2
9,uen,s,孫,孫,sun,,ᠰᡠᠨ,孫 sun
9,uen,zh,準,準,jun,3,ᠵᡠᠨ,準 jun 3
9,uen,ch,春,春,cūn,,ᠴᡡᠨ,春 cūn
9,uen,ch,唇,唇,šūn,,ᡧᡡᠨ,唇 šūn
9,uen,sh,順,順,šūn,4,ᡧᡡᠨ,順 šūn 4
9,uen,g,棍,棍,gun,,ᡤᡠᠨ,棍 gun
9,uen,k,困,困,kun,,ᡴᡠᠨ,困 kun
9,uen,h,渾,渾,hun,2,ᡥᡠᠨ,渾 hun 2 / hon
9,uen,h,渾,渾,hon,,ᡥᠣᠨ,渾 hun 2 / hon
9,uen,h,魂,魂,hun,,ᡥᡠᠨ,魂 hun
9,uen,w,問,問,wen,16,ᠸᡝᠨ,問 wen 16
9,uen,w,温,温,wen,2,ᠸᡝᠨ,温 wen 2
9,ün,s,尋,尋,siyūn,19,ᠰᡳᠶᡡᠨ,尋 siyūn 19
9,ün,s,遜,遜,siyūn,2,ᠰᡳᠶᡡᠨ,遜 siyūn 2
9,ün,s,迅,迅,sioan,,ᠰᡳᠣᠠᠨ,迅 sioan
10,ang,p,傍,傍,pang,5,ᡦᠠᠩ,傍 pang 5
10,ang,m,忙,忙,mang,5,ᠮᠠᠩ,忙 mang 5
10,ang,f,房,房,fang,5,ᡶᠠᠩ,房 fang 5
10,ang,f,妨,妨,fang,4,ᡶᠠᠩ,妨 fang 4
10,ang,f,放,放,fang,4,ᡶᠠᠩ,放 fang 4
10,ang,f,方,方,fang,2,ᡶᠠᠩ,方 fang 2
10,ang,f,防,防,fang,2,ᡶᠠᠩ,防 fang 2
10,ang,f,彷,彷,fang,,ᡶᠠᠩ,彷 fang
10,ang,d,當,當/当,dang,20,ᡩᠠᠩ,當 / 当 dang 20
10,ang,d,当,當/当,dang,20,ᡩᠠᠩ,當 / 当 dang 20
10,ang,d,档,档,dang,,ᡩᠠᠩ,档 dang
10,ang,d,挡,挡,dang,,ᡩᠠᠩ,挡 dang
10,ang,t,倘,倘,tang,13,ᡨᠠᠩ,倘 tang 13
10,ang,t,湯,湯,tang,,ᡨᠠᠩ,湯 tang
10,ang,l,郎,郎,lang,,ᠯᠠᠩ,郎 lang
10,ang,z,臓,臓,dzang,,ᡯᠠᠩ,臓 dzang
10,ang,s,嗓,嗓,sang,,ᠰᠠᠩ,嗓 sang
10,ang,zh,長,長,jang,14,ᠵᠠᠩ,長 jang 14
10,ang,zh,賬,賬,jang,,ᠵᠠᠩ,賬 jang
10,ang,zh,章,章,jang,,ᠵᠠᠩ,章 jang
10,ang,zh,掌,掌,jang,,ᠵᠠᠩ,掌 jang
10,ang,ch,常,常,cang,14,ᠴᠠᠩ,常 cang 14
10,ang,ch,長,長,cang,,ᠴᠠᠩ,長 cang
10,ang,sh,上,上,šang,48,ᡧᠠᠩ,上 šang 48
10,ang,sh,尚,尚,šang,3,ᡧᠠᠩ,尚 šang 3
10,ang,sh,商,商,šang,2,ᡧᠠᠩ,商 šang 2
10,ang,sh,傷,傷,šang,2,ᡧᠠᠩ,傷 šang 2
10,ang,r,譲,譲,žang,7,ᡰᠠᠩ,譲 žang 7
10,ang,g,剛,剛,g’ang,2,ᡬᠠᠩ,剛 g’ang 2
10,ang,k,慷,慷,k’ang,4,ᠺᠠᠩ,慷 k’ang 4
10,ang,k,炕,炕,k’ang,3,ᠺᠠᠩ,炕 k’ang 3
10,iang,l,量,量,liyang,7,ᠯᡳᠶᠠᠩ,量 liyang 7
10,iang,l,両,両,liyang,5,ᠯᡳᠶᠠᠩ,両 liyang 5
10,iang,l,凉,凉,liyang,4,ᠯᡳᠶᠠᠩ,凉 liyang 4
10,iang,l,諒,諒,liyang,2,ᠯᡳᠶᠠᠩ,諒 liyang 2
10,iang,l,喨,喨,liyang,2,ᠯᡳᠶᠠᠩ,喨 liyang 2
10,iang,l,良,良,liyang,,ᠯᡳᠶᠠᠩ,良 liyang
10,iang,j,講,講,giyang,5,ᡤᡳᠶᠠᠩ,講 giyang 5
10,iang,j,將,將,jiyang,4,ᠵᡳᠶᠠᠩ,將 jiyang 4
10,iang,j,姜,姜,giyang,,ᡤᡳᠶᠠᠩ,姜 giyang
10,iang,q,強,強,kiyang,6,ᡴᡳᠶᠠᠩ,強 kiyang 6
10,iang,x,想,想,siyang,22,ᠰᡳᠶᠠᠩ,想 siyang 22
10,iang,x,像,像,siyang,12,ᠰᡳᠶᠠᠩ,像 siyang 12
10,iang,x,相,相,siyang,11,ᠰᡳᠶᠠᠩ,相 siyang 11
10,iang,x,向,向,siyang,7,ᠰᡳᠶᠠᠩ,向 siyang 7
10,iang,x,响,响,siyang,2,ᠰᡳᠶᠠᠩ,响 siyang 2 / hiyang
10,iang,x,响,响,hiyang,,ᡥᡳᠶᠠᠩ,响 siyang 2 / hiyang
10,iang,y,様,様,yang,73,ᠶᠠᠩ,様 yang 73
10,iang,y,養,養,yang,,ᠶᠠᠩ,養 yang
10,uang,zh,装,装,juwang,4,ᠵᡠᠸᠠᠩ,装 juwang 4 / jowang
10,uang,zh,装,装,jowang,,ᠵᠣᠸᠠᠩ,装 juwang 4 / jowang
10,uang,sh,爽,爽,šuwang,3,ᡧᡠᠸᠠᠩ,爽 šuwang 3
10,uang,g,光,光,guwang,3,ᡤᡠᠸᠠᠩ,光 guwang 3
10,uang,k,况,况,kuwang,6,ᡴᡠᠸᠠᠩ,况 kuwang 6
10,uang,k,狂,狂,kuwang,,ᡴᡠᠸᠠᠩ,狂 kuwang
10,uang,h,謊,謊,huwang,5,ᡥᡠᠸᠠᠩ,謊 huwang 5
10,uang,h,恍,恍,huwang,3,ᡥᡠᠸᠠᠩ,恍 huwang 3
10,uang,h,黄,黄,hūwang,2,ᡥᡡᠸᠠᠩ,黄 hūwang 2
10,uang,h,慌,慌,huwang,,ᡥᡠᠸᠠᠩ,慌 huwang
10,uang,h,幌,幌,huwang,,ᡥᡠᠸᠠᠩ,幌 huwang
10,uang,w,徃,徃,wang,16,ᠸᠠᠩ,徃 wang 16
10,uang,w,望,望,wang,16,ᠸᠠᠩ,望 wang 16
10,uang,w,忘,忘,wang,3,ᠸᠠᠩ,忘 wang 3
10,eng,p,朋,朋,peng,16,ᡦᡝᠩ,朋 peng 16 / beng
10,eng,p,朋,朋,beng,,ᠪᡝᠩ,朋 peng 16 / beng
10,eng,p,磞,磞,peng,3,ᡦᡝᠩ,磞 peng 3
10,eng,p,膨,膨,peng,,ᡦᡝᠩ,膨 peng
10,eng,m,蒙,蒙,meng,,ᠮᡝᠩ,蒙 meng
10,eng,f,豊,豊,feng,2,ᡶᡝᠩ,豊 feng 2
10,eng,f,風,風,fung,2,ᡶᡠᠩ,風 fung 2
10,eng,f,逢,逢,feng,,ᡶᡝᠩ,逢 feng
10,eng,d,等,等,deng,12,ᡩᡝᠩ,等 deng 12
10,eng,d,登,登,deng,2,ᡩᡝᠩ,登 deng 2
10,eng,d,瞪,瞪,deng,,ᡩᡝᠩ,瞪 deng
10,eng,t,疼,疼,teng,8,ᡨᡝᠩ,疼 teng 8
10,eng,t,騰,騰,teng,,ᡨᡝᠩ,騰 teng
10,eng,n,能,能,neng,15,ᠨᡝᠩ,能 neng 15
10,eng,l,冷,冷,leng,2,ᠯᡝᠩ,冷 leng 2
11,eng,c,曽,曽,ts’eng,,ᡨᠰᡝᠩ,曽 ts’eng
11,eng,zh,正,正,jeng,11,ᠵᡝᠩ,正 jeng 11
11,eng,zh,争,争,dzeng,6,ᡯᡝᠩ,争 dzeng 6
11,eng,zh,挣,挣,dzeng,,ᡯᡝᠩ,挣 dzeng
11,eng,zh,整,整,jeng,,ᠵᡝᠩ,整 jeng
11,eng,zh,証,証,jeng,,ᠵᡝᠩ,証 jeng
11,eng,ch,成,成,ceng,15,ᠴᡝᠩ,成 ceng 15
11,eng,ch,承,承,ceng,7,ᠴᡝᠩ,承 ceng 7
11,eng,ch,称,称/稱,ceng,4,ᠴᡝᠩ,称 / 稱 ceng 4
11,eng,ch,稱,称/稱,ceng,4,ᠴᡝᠩ,称 / 稱 ceng 4
11,eng,ch,誠,誠,ceng,,ᠴᡝᠩ,誠 ceng
11,eng,ch,城,城,ceng,,ᠴᡝᠩ,城 ceng
11,eng,sh,生,生,seng,12,ᠰᡝᠩ,生 seng 12
11,eng,sh,盛,盛,šeng,3,ᡧᡝᠩ,盛 šeng 3
11,eng,sh,陞,陞,šeng,2,ᡧᡝᠩ,陞 šeng 2
11,eng,sh,勝,勝,šeng,2,ᡧᡝᠩ,勝 šeng 2
11,eng,sh,声,声,šeng,2,ᡧᡝᠩ,声 šeng 2
11,eng,sh,聖,聖,šeng,,ᡧᡝᠩ,聖 šeng
11,eng,g,更,更,geng,,ᡤᡝᠩ,更 geng
11,ing,b,並,並,bing,9,ᠪᡳᠩ,並 bing 9
11,ing,b,并,并,bing,,ᠪᡳᠩ,并 bing
11,ing,b,病,病,bing,,ᠪᡳᠩ,病 bing
11,ing,b,兵,兵,bing,,ᠪᡳᠩ,兵 bing
11,ing,b,氷,氷,bing,,ᠪᡳᠩ,氷 bing
11,ing,b,秉,秉,bing,,ᠪᡳᠩ,秉 bing
11,ing,p,平,平,ping,8,ᡦᡳᠩ,平 ping 8
11,ing,p,凴,凴/憑,ping,4,ᡦᡳᠩ,凴 / 憑 ping 4
11,ing,p,憑,凴/憑,ping,4,ᡦᡳᠩ,凴 / 憑 ping 4
11,ing,m,明,明,ming,13,ᠮᡳᠩ,明 ming 13
11,ing,m,名,名,ming,6,ᠮᡳᠩ,名 ming 6
11,ing,d,定,定,ding,26,ᡩᡳᠩ,定 ding 26 / din
11,ing,d,定,定,din,,ᡩᡳᠨ,定 ding 26 / din
11,ing,t,听,听,ting,22,ᡨᡳᠩ,听 ting 22
11,ing,l,另,另,ling,5,ᠯᡳᠩ,另 ling 5
11,ing,l,領,領,ling,3,ᠯᡳᠩ,領 ling 3 / lin
11,ing,l,領,領,lin,,ᠯᡳᠨ,領 ling 3 / lin
11,ing,l,令,令,ling,2,ᠯᡳᠩ,令 ling 2
11,ing,l,鈴,鈴,ling,,ᠯᡳᠩ,鈴 ling
11,ing,l,伶,伶,ling,,ᠯᡳᠩ,伶 ling
11,ing,j,竟,竟,jin,11,ᠵᡳᠨ,竟 jin 11
11,ing,j,敬,敬,ging,3,ᡤᡳᠩ,敬 ging 3 / jin
11,ing,j,敬,敬,jin,,ᠵᡳᠨ,敬 ging 3 / jin
11,ing,j,經,經/経,ging,2,ᡤᡳᠩ,經 / 経 ging 2
11,ing,j,経,經/経,ging,2,ᡤᡳᠩ,經 / 経 ging 2
11,ing,j,京,京,ging,,ᡤᡳᠩ,京 ging / gin
11,ing,j,京,京,gin,,ᡤᡳᠨ,京 ging / gin
11,ing,j,景,景,gin,,ᡤᡳᠨ,景 gin
11,ing,j,境,境,jin,,ᠵᡳᠨ,境 jin
11,ing,q,情,情,cing,25,ᠴᡳᠩ,情 cing 25
11,ing,q,清,清,cing,6,ᠴᡳᠩ,清 cing 6
11,ing,q,軽,軽/輕,cing,5,ᠴᡳᠩ,軽 / 輕 cing 5
11,ing,q,輕,軽/輕,cing,5,ᠴᡳᠩ,軽 / 輕 cing 5
11,ing,q,請,請,cing,3,ᠴᡳᠩ,請 cing 3
11,ing,q,晴,晴,cing,,ᠴᡳᠩ,晴 cing
11,ing,q,青,青,cing,,ᠴᡳᠩ,青 cing
11,ing,q,慶,慶,king,,ᡴᡳᠩ,慶 king
11,ing,q,傾,傾,kiyūn,,ᡴᡳᠶᡡᠨ,傾 kiyūn
11,ing,x,行,行,hing,23,ᡥᡳᠩ,行 hing 23 / hin 2
11,ing,x,行,行,hin,2,ᡥᡳᠨ,行 hing 23 / hin 2
11,ing,x,性,性,sing,5,ᠰᡳᠩ,性 sing 5
11,ing,x,姓,姓,sing,2,ᠰᡳᠩ,姓 sing 2
11,ing,x,幸,幸,hin,,ᡥᡳᠨ,幸 hin / sin
11,ing,x,幸,幸,sin,,ᠰᡳᠨ,幸 hin / sin
11,ing,y,應,應,ing,14,ᡳᠩ,應 ing 14
11,ing,y,影,影,ing,2,ᡳᠩ,影 ing 2
11,ing,y,硬,硬,ing,,ᡳᠩ,硬 ing
11,ong,d,東,東,dung,15,ᡩᡠᠩ,東 dung 15
11,ong,d,動,動,dung,5,ᡩᡠᠩ,動 dung 5
11,ong,t,同,同,tung,,ᡨᡠᠩ,同 tung
11,ong,l,龍,龍,lung,,ᠯᡠᠩ,龍 lung
11,ong,z,总,总/縂,dzung,11,ᡯᡠᠩ,总 / 縂 dzung 11
11,ong,z,縂,总/縂,dzung,11,ᡯᡠᠩ,总 / 縂 dzung 11
11,ong,z,宗,宗,dzung,2,ᡯᡠᠩ,宗 dzung 2
11,ong,c,從,從,ts’ung,7,ᡨᠰᡠᠩ,從 ts’ung 7 / dzung
11,ong,c,從,從,dzung,,ᡯᡠᠩ,從 ts’ung 7 / dzung
11,ong,c,聪,聪,ts’ung,,ᡨᠰᡠᠩ,聪 ts’ung
11,ong,s,送,送,sung,15,ᠰᡠᠩ,送 sung 15
11,ong,s,鬆,鬆,sung,2,ᠰᡠᠩ,鬆 sung 2
11,ong,zh,中,中,jung,7,ᠵᡠᠩ,中 jung 7
11,ong,zh,鍾,鍾,jung,5,ᠵᡠᠩ,鍾 jung 5
11,ong,zh,衆,衆,jung,4,ᠵᡠᠩ,衆 jung 4
11,ong,zh,終,終,jung,2,ᠵᡠᠩ,終 jung 2
11,ong,zh,重,重,jung,2,ᠵᡠᠩ,重 jung 2
11,ong,zh,忠,忠,jung,,ᠵᡠᠩ,jung 忠
11,ong,ch,虫,虫,cung,,ᠴᡠᠩ,虫 cung
11,ong,r,容,容,yung,4,ᠶᡠᠩ,容 yung 4
11,ong,r,冗,冗,yung,,ᠶᡠᠩ,冗 yung
11,ong,g,工,工,gung,9,ᡤᡠᠩ,工 gung 9
11,ong,g,弓,弓,gung,3,ᡤᡠᠩ,弓 gung 3
11,ong,g,公,公,gung,2,ᡤᡠᠩ,公 gung 2
11,ong,g,供,供,gung,,ᡤᡠᠩ,供 gung
11,ong,k,空,空,kong,10,ᡴᠣᠩ,空 kong 10
11,ong,k,恐,恐,kung,4,ᡴᡠᠩ,恐 kung 4
11,ong,h,烘,烘,hung,2,ᡥᡠᠩ,烘 hung 2
11,ong,h,哄,哄,hung,2,ᡥᡠᠩ,哄 hung 2
11,iong,k,窮,窮,kiong,,ᡴᡳᠣᠩ,窮 kiong
11,iong,h,兄,兄,hiong,16,ᡥᡳᠣᠩ,兄 hiong 16
11,iong,y,用,用,yung,8,ᠶᡠᠩ,用 yung 8 / yong / yūng
11,iong,y,用,用,yong,,ᠶᠣᠩ,用 yung 8 / yong / yūng
11,iong,y,用,用,yūng,,ᠶᡡᠩ,用 yung 8 / yong / yūng
11,iong,y,湧,湧,yung,,ᠶᡠᠩ,湧 yung
