root_title,work_id,mode,page_title,juan_index,raw_path,clean_path,chars_raw,chars_clean
大越史略,大越史略,toc_juan,大越史略/卷上,1,raw\大越史略\大越史略__juan_0001.txt,clean\大越史略\大越史略__juan_0001.txt,2528,2528
大越史略,大越史略,toc_juan,大越史略/卷下,2,raw\大越史略\大越史略__juan_0002.txt,clean\大越史略\大越史略__juan_0002.txt,878,878
大越史略,大越史略,toc_juan,大越史略/卷中,3,raw\大越史略\大越史略__juan_0003.txt,clean\大越史略\大越史略__juan_0003.txt,1812,1812
皇黎一統志,皇黎一統志,toc_juan,皇黎一統志/第一回,1,raw\皇黎一統志\皇黎一統志__juan_0001.txt,clean\皇黎一統志\皇黎一統志__juan_0001.txt,4062,4062
皇黎一統志,皇黎一統志,toc_juan,皇黎一統志/第七回,2,raw\皇黎一統志\皇黎一統志__juan_0002.txt,clean\皇黎一統志\皇黎一統志__juan_0002.txt,6789,6789
皇黎一統志,皇黎一統志,toc_juan,皇黎一統志/第三回,3,raw\皇黎一統志\皇黎一統志__juan_0003.txt,clean\皇黎一統志\皇黎一統志__juan_0003.txt,7101,7101
皇黎一統志,皇黎一統志,toc_juan,皇黎一統志/第九回,4,raw\皇黎一統志\皇黎一統志__juan_0004.txt,clean\皇黎一統志\皇黎一統志__juan_0004.txt,7954,7954
皇黎一統志,皇黎一統志,toc_juan,皇黎一統志/第二回,5,raw\皇黎一統志\皇黎一統志__juan_0005.txt,clean\皇黎一統志\皇黎一統志__juan_0005.txt,7005,7005
皇黎一統志,皇黎一統志,toc_juan,皇黎一統志/第五回,6,raw\皇黎一統志\皇黎一統志__juan_0006.txt,clean\皇黎一統志\皇黎一統志__juan_0006.txt,5283,5283
皇黎一統志,皇黎一統志,toc_juan,皇黎一統志/第八回,7,raw\皇黎一統志\皇黎一統志__juan_0007.txt,clean\皇黎一統志\皇黎一統志__juan_0007.txt,6440,6440
皇黎一統志,皇黎一統志,toc_juan,皇黎一統志/第六回,8,raw\皇黎一統志\皇黎一統志__juan_0008.txt,clean\皇黎一統志\皇黎一統志__juan_0008.txt,10171,10171
皇黎一統志,皇黎一統志,toc_juan,皇黎一統志/第十一回,9,raw\皇黎一統志\皇黎一統志__juan_0009.txt,clean\皇黎一統志\皇黎一統志__juan_0009.txt,8124,8124
皇黎一統志,皇黎一統志,toc_juan,皇黎一統志/第十七回,10,raw\皇黎一統志\皇黎一統志__juan_0010.txt,clean\皇黎一統志\皇黎一統志__juan_0010.txt,5476,5476
皇黎一統志,皇黎一統志,toc_juan,皇黎一統志/第十三回,11,raw\皇黎一統志\皇黎一統志__juan_0011.txt,clean\皇黎一統志\皇黎一統志__juan_0011.txt,6585,6585
皇黎一統志,皇黎一統志,toc_juan,皇黎一統志/第十二回,12,raw\皇黎一統志\皇黎一統志__juan_0012.txt,clean\皇黎一統志\皇黎一統志__juan_0012.txt,5651,5651
皇黎一統志,皇黎一統志,toc_juan,皇黎一統志/第十五回,13,raw\皇黎一統志\皇黎一統志__juan_0013.txt,clean\皇黎一統志\皇黎一統志__juan_0013.txt,3667,3667
皇黎一統志,皇黎一統志,toc_juan,皇黎一統志/第十六回,14,raw\皇黎一統志\皇黎一統志__juan_0014.txt,clean\皇黎一統志\皇黎一統志__juan_0014.txt,2817,2817
皇黎一統志,皇黎一統志,toc_juan,皇黎一統志/第十四回,15,raw\皇黎一統志\皇黎一統志__juan_0015.txt,clean\皇黎一統志\皇黎一統志__juan_0015.txt,4326,4326
皇黎一統志,皇黎一統志,toc_juan,皇黎一統志/第十回,16,raw\皇黎一統志\皇黎一統志__juan_0016.txt,clean\皇黎一統志\皇黎一統志__juan_0016.txt,8633,8633
皇黎一統志,皇黎一統志,toc_juan,皇黎一統志/第四回,17,raw\皇黎一統志\皇黎一統志__juan_0017.txt,clean\皇黎一統志\皇黎一統志__juan_0017.txt,7818,7818
越史略,越史略,toc_juan,越史略/卷上,1,raw\越史略\越史略__juan_0001.txt,clean\越史略\越史略__juan_0001.txt,9673,9673
越史略,越史略,toc_juan,越史略/卷下,2,raw\越史略\越史略__juan_0002.txt,clean\越史略\越史略__juan_0002.txt,18943,18943
越史略,越史略,toc_juan,越史略/卷中,3,raw\越史略\越史略__juan_0003.txt,clean\越史略\越史略__juan_0003.txt,12675,12675
鄭氏世家,鄭氏世家,toc_juan,鄭氏世家/第一世,1,raw\鄭氏世家\鄭氏世家__juan_0001.txt,clean\鄭氏世家\鄭氏世家__juan_0001.txt,2456,2456
鄭氏世家,鄭氏世家,toc_juan,鄭氏世家/第七世,2,raw\鄭氏世家\鄭氏世家__juan_0002.txt,clean\鄭氏世家\鄭氏世家__juan_0002.txt,1653,1653
鄭氏世家,鄭氏世家,toc_juan,鄭氏世家/第三世,3,raw\鄭氏世家\鄭氏世家__juan_0003.txt,clean\鄭氏世家\鄭氏世家__juan_0003.txt,1554,1554
鄭氏世家,鄭氏世家,toc_juan,鄭氏世家/第九世,4,raw\鄭氏世家\鄭氏世家__juan_0004.txt,clean\鄭氏世家\鄭氏世家__juan_0004.txt,576,576
鄭氏世家,鄭氏世家,toc_juan,鄭氏世家/第二世,5,raw\鄭氏世家\鄭氏世家__juan_0005.txt,clean\鄭氏世家\鄭氏世家__juan_0005.txt,2143,2143
鄭氏世家,鄭氏世家,toc_juan,鄭氏世家/第五世,6,raw\鄭氏世家\鄭氏世家__juan_0006.txt,clean\鄭氏世家\鄭氏世家__juan_0006.txt,1139,1139
鄭氏世家,鄭氏世家,toc_juan,鄭氏世家/第八世,7,raw\鄭氏世家\鄭氏世家__juan_0007.txt,clean\鄭氏世家\鄭氏世家__juan_0007.txt,1168,1168
鄭氏世家,鄭氏世家,toc_juan,鄭氏世家/第六世,8,raw\鄭氏世家\鄭氏世家__juan_0008.txt,clean\鄭氏世家\鄭氏世家__juan_0008.txt,693,693
鄭氏世家,鄭氏世家,toc_juan,鄭氏世家/第十一世,9,raw\鄭氏世家\鄭氏世家__juan_0009.txt,clean\鄭氏世家\鄭氏世家__juan_0009.txt,612,612
鄭氏世家,鄭氏世家,toc_juan,鄭氏世家/第十三世,10,raw\鄭氏世家\鄭氏世家__juan_0010.txt,clean\鄭氏世家\鄭氏世家__juan_0010.txt,1283,1283
鄭氏世家,鄭氏世家,toc_juan,鄭氏世家/第十世,11,raw\鄭氏世家\鄭氏世家__juan_0011.txt,clean\鄭氏世家\鄭氏世家__juan_0011.txt,823,823
鄭氏世家,鄭氏世家,toc_juan,鄭氏世家/第十二世,12,raw\鄭氏世家\鄭氏世家__juan_0012.txt,clean\鄭氏世家\鄭氏世家__juan_0012.txt,620,620
鄭氏世家,鄭氏世家,toc_juan,鄭氏世家/第四世,13,raw\鄭氏世家\鄭氏世家__juan_0013.txt,clean\鄭氏世家\鄭氏世家__juan_0013.txt,1177,1177
